sim_time,true_x,true_y,estimated_x,estimated_y,error_m,detection_count,confirmed_detection,alert_before_boundary
0,121.386,165.462,NaN,NaN,NaN,1,0,0
1,130.769,168.921,NaN,NaN,NaN,1,0,0
2,140.152,172.38,NaN,NaN,NaN,0,0,0
3,149.535,175.839,143.631422589294,171.052241612687,7.60034749881226,2,1,1
4,158.918,179.298,NaN,NaN,NaN,1,0,0
5,168.3,182.756,175.992781131771,193.207978030862,12.9777781726676,2,1,1
6,177.683,186.215,181.321287733058,188.077882376249,4.0874770184383,2,1,1
7,187.066,189.674,190.847160407396,194.399048801374,6.05171547594779,3,1,1
8,196.449,193.133,199.152066980629,198.876031325347,6.34736007373814,2,1,1
9,205.832,196.591,208.745778165569,200.318366049311,4.73110567031689,3,1,1
10,215.214,200.05,217.21483627802,205.242090293545,5.5642742049409,3,1,1
11,224.597,203.509,224.234567090042,202.146750254772,1.4096389546956,3,1,1
12,233.98,206.968,235.000258275333,206.446364844846,1.14587529141661,3,1,1
13,243.363,210.427,243.655669304143,210.029752132697,0.49341786516538,3,1,1
14,251.658,214.852,251.875027078192,215.023240256892,0.276448870949568,4,1,1
15,253.996,224.575,252.973261115392,224.375701887784,1.04197627785942,3,1,1
16,256.333,234.298,256.49076268188,235.638286415497,1.3495394545396,3,1,1
17,258.671,244.021,257.991578842416,242.281892290805,1.8671124051744,2,1,1
18,261.009,253.744,261.527100800694,254.950833111601,1.31334481341941,2,1,1
19,263.347,263.467,264.079458526137,265.180052000077,1.86307344124701,2,1,1
20,265.685,273.19,265.181047127815,273.136048261974,0.506832602956295,2,1,1
21,268.022,282.913,265.566093132812,281.660071267046,2.75704714326072,2,1,1
22,270.36,292.636,NaN,NaN,NaN,1,0,0
23,272.698,302.359,NaN,NaN,NaN,1,0,0
24,275.036,312.081,NaN,NaN,NaN,0,0,0
25,277.373,321.804,NaN,NaN,NaN,0,0,0
26,279.711,331.527,NaN,NaN,NaN,0,0,0
27,282.049,341.25,NaN,NaN,NaN,0,0,0
28,284.387,350.973,NaN,NaN,NaN,0,0,0
29,286.724,360.696,NaN,NaN,NaN,0,0,0
30,289.062,370.419,NaN,NaN,NaN,0,0,0
31,291.4,380.142,NaN,NaN,NaN,0,0,0
32,293.738,389.865,NaN,NaN,NaN,0,0,0
33,296.604,398.973,NaN,NaN,NaN,0,0,0
34,306.567,399.837,NaN,NaN,NaN,0,0,0
35,316.53,400.7,NaN,NaN,NaN,0,0,0
36,326.492,401.564,NaN,NaN,NaN,0,0,0
37,336.455,402.427,NaN,NaN,NaN,0,0,0
38,346.417,403.291,NaN,NaN,NaN,0,0,0
39,356.38,404.154,NaN,NaN,NaN,0,0,0
40,366.343,405.018,NaN,NaN,NaN,0,0,0
41,376.305,405.881,NaN,NaN,NaN,0,0,0
42,386.268,406.745,NaN,NaN,NaN,0,0,0
43,396.231,407.608,NaN,NaN,NaN,0,0,0
44,406.193,408.472,NaN,NaN,NaN,0,0,0
45,416.156,409.335,NaN,NaN,NaN,0,0,0
46,426.119,410.199,NaN,NaN,NaN,0,0,0
47,436.081,411.062,NaN,NaN,NaN,0,0,0
48,446.044,411.926,NaN,NaN,NaN,0,0,0
49,455.656,413.531,NaN,NaN,NaN,0,0,0
50,462.656,420.673,NaN,NaN,NaN,0,0,0
51,469.655,427.815,NaN,NaN,NaN,0,0,0
52,476.655,434.957,NaN,NaN,NaN,0,0,0
53,483.654,442.099,NaN,NaN,NaN,0,0,0
54,490.654,449.241,NaN,NaN,NaN,0,0,0
55,497.653,456.383,NaN,NaN,NaN,0,0,0
56,504.652,463.525,NaN,NaN,NaN,0,0,0
57,511.652,470.667,NaN,NaN,NaN,0,0,0
58,518.651,477.809,NaN,NaN,NaN,0,0,0
59,525.651,484.951,NaN,NaN,NaN,0,0,0
60,532.65,492.093,NaN,NaN,NaN,0,0,0
61,539.65,499.235,NaN,NaN,NaN,0,0,0
62,546.649,506.377,NaN,NaN,NaN,0,0,0
63,553.648,513.519,NaN,NaN,NaN,0,0,0
64,560,520,NaN,NaN,NaN,0,0,0
65,560,520,NaN,NaN,NaN,0,0,0
66,560,520,NaN,NaN,NaN,0,0,0
67,560,520,NaN,NaN,NaN,0,0,0
68,560,520,NaN,NaN,NaN,0,0,0
69,560,520,NaN,NaN,NaN,0,0,0
70,560,520,NaN,NaN,NaN,0,0,0
71,560,520,NaN,NaN,NaN,0,0,0
72,560,520,NaN,NaN,NaN,0,0,0
73,560,520,NaN,NaN,NaN,0,0,0
74,560,520,NaN,NaN,NaN,0,0,0
75,560,520,NaN,NaN,NaN,0,0,0
76,560,520,NaN,NaN,NaN,0,0,0
77,560,520,NaN,NaN,NaN,0,0,0
78,560,520,NaN,NaN,NaN,0,0,0
79,560,520,NaN,NaN,NaN,0,0,0
80,560,520,NaN,NaN,NaN,0,0,0
81,560,520,NaN,NaN,NaN,0,0,0
82,560,520,NaN,NaN,NaN,0,0,0
83,560,520,NaN,NaN,NaN,0,0,0
84,560,520,NaN,NaN,NaN,0,0,0
85,560,520,NaN,NaN,NaN,0,0,0
86,560,520,NaN,NaN,NaN,0,0,0
87,560,520,NaN,NaN,NaN,0,0,0
88,560,520,NaN,NaN,NaN,0,0,0
89,560,520,NaN,NaN,NaN,0,0,0
90,560,520,NaN,NaN,NaN,0,0,0
91,560,520,NaN,NaN,NaN,0,0,0
92,560,520,NaN,NaN,NaN,0,0,0
93,560,520,NaN,NaN,NaN,0,0,0
94,560,520,NaN,NaN,NaN,0,0,0
95,560,520,NaN,NaN,NaN,0,0,0
96,560,520,NaN,NaN,NaN,0,0,0
97,560,520,NaN,NaN,NaN,0,0,0
98,560,520,NaN,NaN,NaN,0,0,0
99,560,520,NaN,NaN,NaN,0,0,0
100,560,520,NaN,NaN,NaN,0,0,0
101,560,520,NaN,NaN,NaN,0,0,0
102,560,520,NaN,NaN,NaN,0,0,0
103,560,520,NaN,NaN,NaN,0,0,0
104,560,520,NaN,NaN,NaN,0,0,0
105,560,520,NaN,NaN,NaN,0,0,0
106,560,520,NaN,NaN,NaN,0,0,0
107,560,520,NaN,NaN,NaN,0,0,0
108,560,520,NaN,NaN,NaN,0,0,0
109,560,520,NaN,NaN,NaN,0,0,0
110,560,520,NaN,NaN,NaN,0,0,0
111,560,520,NaN,NaN,NaN,0,0,0
112,560,520,NaN,NaN,NaN,0,0,0
113,560,520,NaN,NaN,NaN,0,0,0
114,560,520,NaN,NaN,NaN,0,0,0
115,560,520,NaN,NaN,NaN,0,0,0
116,560,520,NaN,NaN,NaN,0,0,0
