sim_time,true_x,true_y,kalman_x,kalman_y,kalman_error_m,raw_error_m,detection_count,confirmed_detection,alert_before_boundary,measurement_update
0,848.502,197.044,846.879224943982,197.091804006369,1.62347901294053,1.62347901294053,4,1,1,1
1,839.564,201.528,839.945276433241,201.777328293594,0.455561539785139,1.5544054362526,5,1,1,1
2,830.626,206.012,832.607560139759,205.989084891907,1.98169263248924,1.874115276436,5,1,1,1
3,821.688,210.496,824.30976091912,209.183783471013,2.93181556991115,1.11149535505394,4,1,1,1
4,812.749,214.98,815.340222139709,212.739809438686,3.42533004662577,1.93817552308436,5,1,1,1
5,803.811,219.464,804.920872931573,219.079191865847,1.17468941612163,2.7508101067189,5,1,1,1
6,794.873,223.949,796.118681649906,223.423520245112,1.35198067505039,0.737384489384763,5,1,1,1
7,785.935,228.433,786.674443924667,227.813946452393,0.964367467583104,0.649305347753076,5,1,1,1
8,776.996,232.917,777.306244344122,232.38202884137,0.618421938182487,0.674710371136551,6,1,1,1
9,768.058,237.401,768.794716004658,236.328953151462,1.30078242491888,2.01599359527224,5,1,1,1
10,759.12,241.885,759.396939666689,241.408564018645,0.55107787409355,1.1645478155241,6,1,1,1
11,750.182,246.369,750.423986873478,245.891160992343,0.535619047620951,0.386644671804444,6,1,1,1
12,741.243,250.853,742.535169031038,249.377786320953,1.96111096157804,4.35498178964662,5,1,1,1
13,732.597,255.707,733.702392653865,253.719429575492,2.27427551356469,1.97527388117302,5,1,1,1
14,726.175,263.372,725.701397808852,259.250910989177,4.14821331064212,2.0212865897257,5,1,1,1
15,719.753,271.038,718.028421661957,266.703803126923,4.66470073837929,0.854439374028687,5,1,1,1
16,713.332,278.703,710.881139773772,274.746532166845,4.65406849576703,1.16072058778482,5,1,1,1
17,706.91,286.369,704.542459754904,282.131948711939,4.85364300601176,1.63325517000769,5,1,1,1
18,700.488,294.034,698.196597077923,289.671232360753,4.92790714455606,1.92739311054316,4,1,1,1
19,694.066,301.7,688.944764285137,291.182872609038,11.6977358409615,21.0770105634716,3,1,1,1
20,687.645,309.366,687.745866420969,299.787008691259,9.57952235384456,12.4531201443281,3,1,1,1
21,681.223,317.031,680.746095686592,310.094988532873,6.95238756085058,1.73844932204102,3,1,1,1
22,674.801,324.697,675.443765876825,321.932190805408,2.83854150135473,6.40515153116551,3,1,1,1
23,668.379,332.362,668.1713081769,324.842939409619,7.52192847979831,16.860409338556,3,1,1,1
24,662.891,340.518,670.726493804448,336.607981680197,8.75689479328926,24.3060827690808,3,1,1,1
25,660.228,350.157,669.707318870245,346.475367995947,10.1691641965821,15.5912342718758,3,1,0,1
26,657.565,359.796,658.277567572846,349.626472534456,10.194461310846,23.4995729576683,3,1,0,1
27,654.901,369.434,654.493332077066,364.945331655574,4.50714284682037,10.1568118441799,3,1,0,1
28,652.238,379.073,648.435241715401,372.791885383144,7.34257253291822,10.1047468040152,5,1,0,1
29,649.575,388.712,643.710583315484,388.388424292759,5.87333672523051,12.7682128707813,3,1,0,1
30,646.912,398.351,645.925962475672,393.749831214378,4.70563749062445,18.0404316977723,4,1,0,1
31,644.249,407.99,645.882511996637,403.036680303022,5.21572022482264,9.16003931702257,5,1,0,1
32,641.586,417.629,642.92586011311,419.281408364378,2.12736422019586,14.1770196456728,5,1,0,1
33,638.923,427.268,632.000383224515,437.104262771543,12.0280791621549,30.938234095012,5,1,0,1
34,636.26,436.907,634.812124928625,449.300860030786,12.4781452421831,16.871354289859,4,1,0,1
35,633.596,446.545,631.565318587012,464.235532488343,17.8067011746189,22.4990853103666,6,1,0,1
36,630.933,456.184,628.92645049465,474.960900764698,18.8838090237306,14.9799563218228,5,1,0,1
37,628.213,465.785,629.767851983554,479.37930685768,13.6829362211308,8.28822751348888,6,1,0,1
38,620.385,472.007,626.248496367333,480.608436272884,10.4098653020206,8.7782498506485,5,1,0,1
39,612.556,478.229,619.304025901252,487.331229297544,11.3307736606572,6.00650242234843,5,1,0,1
40,604.727,484.451,607.080407859087,499.264938505731,14.9997100839584,25.3300622374883,6,1,0,1
41,596.899,490.673,602.304874310752,496.681344556796,8.08230668663513,15.9293400134403,6,1,0,1
42,589.07,496.895,601.642163314617,504.69869778838,14.7971953282291,23.2932148068816,6,1,0,1
43,581.242,503.117,586.686528732962,508.855750596401,7.91050893000868,13.6772234907419,6,1,0,1
44,573.413,509.339,580.381284682931,510.930080945504,7.14762408059583,9.44132296480308,7,1,0,1
45,565.585,515.561,565.429656782418,514.539817408202,1.03293049187279,15.6223536155355,6,1,0,1
46,560,520,557.613254740817,515.27838730063,5.29057458269748,12.2007535137495,7,1,0,1
47,560,520,554.292646883548,521.411588275499,5.87932488092,6.09298854054024,8,1,0,1
48,560,520,553.475056265114,521.237989741591,6.64134845823617,8.47249414364126,6,1,0,1
49,560,520,551.084200793684,527.149080800719,11.4280720938637,11.9256538020429,6,1,0,1
50,560,520,551.930646203183,521.432992937811,8.19560488664602,15.9784072755462,5,1,0,1
51,560,520,547.43262229227,515.390201349171,13.3861580018294,23.2573289234069,6,1,0,1
52,560,520,550.952072523264,524.224133362718,9.98540406244522,20.2160254403904,6,1,0,1
53,560,520,552.418787706589,518.553862105968,7.71790740073516,15.1553287626097,5,1,0,1
54,560,520,559.482623639064,514.181888274522,5.84107030851346,20.3009429941972,6,1,0,1
55,560,520,561.583743889716,524.477943482729,4.74976026160581,24.4906326870954,5,1,0,1
56,560,520,560.610383983438,527.155790271707,7.18177575672615,9.22816389256355,6,1,0,1
57,560,520,562.089392076105,525.649229236053,6.02323419843233,3.98220380973729,5,1,0,1
58,560,520,564.617696545024,530.301856565035,11.2894362157053,18.3027104363921,6,1,0,1
59,560,520,558.873958302888,524.400731107625,4.54251077987216,16.3325306509,6,1,0,1
60,560,520,561.081301408788,528.455221874614,8.52408292343464,16.3635598079678,4,1,0,1
61,560,520,558.236635684429,529.000419493295,9.17153230189571,10.755436237014,7,1,0,1
62,560,520,543.597823984165,527.308385250868,17.9567222239904,41.5925828964876,6,1,0,1
63,560,520,548.449523316834,522.956982545609,11.9229718352182,6.48616451824694,5,1,0,1
64,560,520,552.68930159993,526.901244945717,10.0535313645288,15.5069437941928,6,1,0,1
65,560,520,554.122966080615,532.283842301822,13.6173532445047,21.4013594115295,6,1,0,1
66,560,520,557.862723248245,529.479358228808,9.71731363822619,4.91924693277496,5,1,0,1
67,560,520,558.285522409298,520.869637267439,1.92242097001092,15.5382863943168,5,1,0,1
68,560,520,561.714955442406,527.889990422697,8.07421953130432,23.9642474643386,7,1,0,1
69,560,520,562.46059808737,514.641620695979,5.89633544782974,29.6250247513466,7,1,0,1
70,560,520,561.634134148468,507.572006120928,12.5349681401043,20.3864322428714,4,1,0,1
71,560,520,551.653577993658,508.817112450829,13.9542013116254,27.5383869874788,6,1,0,1
72,560,520,552.162166527622,517.888946568817,8.11715344995071,18.9757643930073,5,1,0,1
73,560,520,545.723225746683,514.038010682435,15.4716385590838,26.9385539656458,8,1,0,1
74,560,520,554.526472819339,510.227184276715,11.2012243508795,20.7939284282117,6,1,0,1
75,560,520,557.107480014066,509.870620445737,10.5342774798914,8.23989882417143,5,1,0,1
76,560,520,558.527691040261,514.196484327897,5.98736067305743,4.09263674626312,6,1,0,1
77,560,520,562.690292050171,516.106221786809,4.73277720675025,8.59711087987715,6,1,0,1
78,560,520,572.244594219318,527.686343877552,14.4571771034226,38.1457501302342,6,1,0,1
79,560,520,564.489086852191,528.329795055015,9.46241969186877,15.8621093542191,7,1,0,1
80,560,520,563.956150183782,516.895408830436,5.02887766870247,27.7363630264424,6,1,0,1
81,560,520,561.281401957626,517.037525517265,3.2277307876998,4.73650963711144,7,1,0,1
82,560,520,567.711685567894,517.417522335119,8.13260629734814,19.4377196689216,5,1,0,1
83,560,520,577.633639846806,514.971317035129,18.3366547278405,34.107201878405,6,1,0,1
84,560,520,568.54313491024,515.665067886762,9.58002038207352,13.4624100172454,4,1,0,1
85,560,520,562.474812277393,511.929072417451,8.44183438898731,16.6702843348038,6,1,0,1
86,560,520,561.871852005714,512.217724032806,8.00422695585688,5.75382167881848,5,1,0,1
87,560,520,553.111288831984,518.079704110469,7.15135496669664,23.1640760361382,5,1,0,1
88,560,520,559.12881445022,512.470413059765,7.57981818731176,23.622531671398,6,1,0,1
89,560,520,558.789396973041,514.84662391906,5.29366080519778,0.678358728698786,7,1,0,1
90,560,520,563.047559688309,518.177161830066,3.55110673559352,12.4659263456927,5,1,0,1
91,560,520,561.870072361401,519.143729410595,2.05678631830255,1.10046681053778,6,1,0,1
92,560,520,550.84689688667,517.81616779654,9.41001698702588,29.5087934997813,5,1,0,1
93,560,520,556.944316486489,512.709483736581,7.90498761048461,20.7262832196643,5,1,0,1
94,560,520,556.468160592149,515.671933260888,5.58623766958179,4.33016262040091,4,1,0,1
95,560,520,555.660422646868,521.911650262059,4.74197620494273,13.975923178205,6,1,0,1
96,560,520,551.36495843998,522.910689543655,9.112412214272,15.4447776847295,5,1,0,1
97,560,520,553.341942309781,527.741046958508,10.210462292184,14.0824223724546,6,1,0,1
98,560,520,558.857009565464,528.684581250078,8.75947364986331,11.8710373537931,6,1,0,1
99,560,520,557.046353447679,523.787123590915,4.80274224260517,11.0470933439494,5,1,0,1
100,560,520,565.470239439926,529.971235603105,11.3731727755605,28.6728849255185,5,1,0,1
101,560,520,563.525297020127,522.040624398623,4.0733115540516,15.3484477604968,6,1,0,1
102,560,520,561.008257819775,521.817094230762,2.07807970843422,5.92779196818554,5,1,0,1
103,560,520,565.684021232179,522.870153880664,6.36756473595354,14.5287884786124,5,1,0,1
104,560,520,565.740952901611,525.388478875125,7.87364241035737,10.6662630067186,4,1,0,1
105,560,520,557.636708206226,515.223384903873,5.32927761324814,30.1038436950932,6,1,0,1
106,560,520,558.512007102603,521.630034664831,2.20706499026561,16.4824428006638,6,1,0,1
107,560,520,559.707872061004,512.66448242992,7.34133208305468,23.3745797928348,6,1,0,1
108,560,520,556.556580386324,505.874468959504,14.5391803693281,24.2086147809684,5,1,0,1
109,560,520,550.731198417986,513.355790060717,11.4042188896921,21.8012337964966,5,1,0,1
110,560,520,550.426940819202,519.961969293186,9.57313472242634,14.6092775089589,5,1,0,1
111,560,520,551.206849679087,522.167927106414,9.05645628846641,6.4191974287807,6,1,0,1
112,560,520,556.566217054043,523.236415168464,4.71860662299853,8.54014995574885,6,1,0,1
113,560,520,553.770148036529,520.200732981013,6.23308504806635,13.8933261600815,4,1,0,1
114,560,520,563.152875584682,522.286735004162,3.89484036023839,21.1863298585551,6,1,0,1
115,560,520,560.551174871354,515.527189987389,4.50664211444855,19.0849985194345,5,1,0,1
116,560,520,560.517722519622,509.441678902078,10.5710066225567,19.6194442244522,6,1,0,1
