time,sim_time,true_x,true_y,zone,detecting_sensor_count,confirmed_detection,estimated_x,estimated_y,error_m
1,0,121.386,165.462,early_warning_zone,1,0,NaN,NaN,NaN
2,1,130.769,168.921,early_warning_zone,1,0,NaN,NaN,NaN
3,2,140.152,172.38,early_warning_zone,0,0,NaN,NaN,NaN
4,3,149.535,175.839,early_warning_zone,2,1,143.631422589294,171.052241612687,7.60034749881268
5,4,158.918,179.298,early_warning_zone,1,0,NaN,NaN,NaN
6,5,168.3,182.756,early_warning_zone,2,1,175.992781131771,193.207978030862,12.9777781726676
7,6,177.683,186.215,early_warning_zone,2,1,181.321287733059,188.077882376249,4.08747701843847
8,7,187.066,189.674,early_warning_zone,3,1,190.847160407396,194.399048801374,6.05171547594777
9,8,196.449,193.133,early_warning_zone,2,1,199.152066980629,198.876031325347,6.34736007373774
10,9,205.832,196.591,early_warning_zone,3,1,208.745778165569,200.318366049311,4.73110567031687
11,10,215.214,200.05,early_warning_zone,3,1,217.21483627802,205.242090293546,5.56427420494093
12,11,224.597,203.509,early_warning_zone,3,1,224.234567090042,202.146750254772,1.40963895469544
13,12,233.98,206.968,early_warning_zone,3,1,235.000258275334,206.446364844846,1.14587529141663
14,13,243.363,210.427,early_warning_zone,3,1,243.655669304143,210.029752132697,0.493417865165397
15,14,251.658,214.852,early_warning_zone,4,1,251.875027078192,215.023240256892,0.276448870949528
16,15,253.996,224.575,early_warning_zone,3,1,252.973261115392,224.375701887784,1.04197627785939
17,16,256.333,234.298,early_warning_zone,3,1,256.49076268188,235.638286415497,1.34953945453967
18,17,258.671,244.021,early_warning_zone,2,1,257.991578842416,242.281892290805,1.8671124051744
19,18,261.009,253.744,approach_zone,2,1,261.527100800694,254.950833111601,1.31334481341941
20,19,263.347,263.467,approach_zone,2,1,264.079458526137,265.180052000077,1.86307344124701
21,20,265.685,273.19,approach_zone,2,1,265.181047127815,273.136048261973,0.506832602956301
22,21,268.022,282.913,approach_zone,2,1,265.566093132812,281.660071267046,2.75704714326085
23,22,270.36,292.636,approach_zone,1,0,NaN,NaN,NaN
24,23,272.698,302.359,approach_zone,1,0,NaN,NaN,NaN
25,24,275.036,312.081,approach_zone,0,0,NaN,NaN,NaN
26,25,277.373,321.804,approach_zone,0,0,NaN,NaN,NaN
27,26,279.711,331.527,approach_zone,0,0,NaN,NaN,NaN
28,27,282.049,341.25,approach_zone,0,0,NaN,NaN,NaN
29,28,284.387,350.973,approach_zone,0,0,NaN,NaN,NaN
30,29,286.724,360.696,approach_zone,0,0,NaN,NaN,NaN
31,30,289.062,370.419,approach_zone,0,0,NaN,NaN,NaN
32,31,291.4,380.142,approach_zone,0,0,NaN,NaN,NaN
33,32,293.738,389.865,approach_zone,0,0,NaN,NaN,NaN
34,33,296.604,398.973,perimeter_crossing,0,0,NaN,NaN,NaN
35,34,306.567,399.837,internal_airspace,0,0,NaN,NaN,NaN
36,35,316.53,400.7,internal_airspace,0,0,NaN,NaN,NaN
37,36,326.492,401.564,internal_airspace,0,0,NaN,NaN,NaN
38,37,336.455,402.427,internal_airspace,0,0,NaN,NaN,NaN
39,38,346.417,403.291,internal_airspace,0,0,NaN,NaN,NaN
40,39,356.38,404.154,internal_airspace,0,0,NaN,NaN,NaN
41,40,366.343,405.018,internal_airspace,0,0,NaN,NaN,NaN
42,41,376.305,405.881,internal_airspace,0,0,NaN,NaN,NaN
43,42,386.268,406.745,internal_airspace,0,0,NaN,NaN,NaN
44,43,396.231,407.608,internal_airspace,0,0,NaN,NaN,NaN
45,44,406.193,408.472,internal_airspace,0,0,NaN,NaN,NaN
46,45,416.156,409.335,internal_airspace,0,0,NaN,NaN,NaN
47,46,426.119,410.199,internal_airspace,0,0,NaN,NaN,NaN
48,47,436.081,411.062,internal_airspace,0,0,NaN,NaN,NaN
49,48,446.044,411.926,internal_airspace,0,0,NaN,NaN,NaN
50,49,455.656,413.531,internal_airspace,0,0,NaN,NaN,NaN
51,50,462.656,420.673,internal_airspace,0,0,NaN,NaN,NaN
52,51,469.655,427.815,internal_airspace,0,0,NaN,NaN,NaN
53,52,476.655,434.957,internal_airspace,0,0,NaN,NaN,NaN
54,53,483.654,442.099,internal_airspace,0,0,NaN,NaN,NaN
55,54,490.654,449.241,internal_airspace,0,0,NaN,NaN,NaN
56,55,497.653,456.383,internal_airspace,0,0,NaN,NaN,NaN
57,56,504.652,463.525,internal_airspace,0,0,NaN,NaN,NaN
58,57,511.652,470.667,internal_airspace,0,0,NaN,NaN,NaN
59,58,518.651,477.809,internal_airspace,0,0,NaN,NaN,NaN
60,59,525.651,484.951,critical_zone,0,0,NaN,NaN,NaN
61,60,532.65,492.093,critical_zone,0,0,NaN,NaN,NaN
62,61,539.65,499.235,critical_zone,0,0,NaN,NaN,NaN
63,62,546.649,506.377,critical_zone,0,0,NaN,NaN,NaN
64,63,553.648,513.519,critical_zone,0,0,NaN,NaN,NaN
65,64,560,520,critical_zone,0,0,NaN,NaN,NaN
66,65,560,520,critical_zone,0,0,NaN,NaN,NaN
67,66,560,520,critical_zone,0,0,NaN,NaN,NaN
68,67,560,520,critical_zone,0,0,NaN,NaN,NaN
69,68,560,520,critical_zone,0,0,NaN,NaN,NaN
70,69,560,520,critical_zone,0,0,NaN,NaN,NaN
71,70,560,520,critical_zone,0,0,NaN,NaN,NaN
72,71,560,520,critical_zone,0,0,NaN,NaN,NaN
73,72,560,520,critical_zone,0,0,NaN,NaN,NaN
74,73,560,520,critical_zone,0,0,NaN,NaN,NaN
75,74,560,520,critical_zone,0,0,NaN,NaN,NaN
76,75,560,520,critical_zone,0,0,NaN,NaN,NaN
77,76,560,520,critical_zone,0,0,NaN,NaN,NaN
78,77,560,520,critical_zone,0,0,NaN,NaN,NaN
79,78,560,520,critical_zone,0,0,NaN,NaN,NaN
80,79,560,520,critical_zone,0,0,NaN,NaN,NaN
81,80,560,520,critical_zone,0,0,NaN,NaN,NaN
82,81,560,520,critical_zone,0,0,NaN,NaN,NaN
83,82,560,520,critical_zone,0,0,NaN,NaN,NaN
84,83,560,520,critical_zone,0,0,NaN,NaN,NaN
85,84,560,520,critical_zone,0,0,NaN,NaN,NaN
86,85,560,520,critical_zone,0,0,NaN,NaN,NaN
87,86,560,520,critical_zone,0,0,NaN,NaN,NaN
88,87,560,520,critical_zone,0,0,NaN,NaN,NaN
89,88,560,520,critical_zone,0,0,NaN,NaN,NaN
90,89,560,520,critical_zone,0,0,NaN,NaN,NaN
91,90,560,520,critical_zone,0,0,NaN,NaN,NaN
92,91,560,520,critical_zone,0,0,NaN,NaN,NaN
93,92,560,520,critical_zone,0,0,NaN,NaN,NaN
94,93,560,520,critical_zone,0,0,NaN,NaN,NaN
95,94,560,520,critical_zone,0,0,NaN,NaN,NaN
96,95,560,520,critical_zone,0,0,NaN,NaN,NaN
97,96,560,520,critical_zone,0,0,NaN,NaN,NaN
98,97,560,520,critical_zone,0,0,NaN,NaN,NaN
99,98,560,520,critical_zone,0,0,NaN,NaN,NaN
100,99,560,520,critical_zone,0,0,NaN,NaN,NaN
101,100,560,520,critical_zone,0,0,NaN,NaN,NaN
102,101,560,520,critical_zone,0,0,NaN,NaN,NaN
103,102,560,520,critical_zone,0,0,NaN,NaN,NaN
104,103,560,520,critical_zone,0,0,NaN,NaN,NaN
105,104,560,520,critical_zone,0,0,NaN,NaN,NaN
106,105,560,520,critical_zone,0,0,NaN,NaN,NaN
107,106,560,520,critical_zone,0,0,NaN,NaN,NaN
108,107,560,520,critical_zone,0,0,NaN,NaN,NaN
109,108,560,520,critical_zone,0,0,NaN,NaN,NaN
110,109,560,520,critical_zone,0,0,NaN,NaN,NaN
111,110,560,520,critical_zone,0,0,NaN,NaN,NaN
112,111,560,520,critical_zone,0,0,NaN,NaN,NaN
113,112,560,520,critical_zone,0,0,NaN,NaN,NaN
114,113,560,520,critical_zone,0,0,NaN,NaN,NaN
115,114,560,520,critical_zone,0,0,NaN,NaN,NaN
116,115,560,520,critical_zone,0,0,NaN,NaN,NaN
117,116,560,520,critical_zone,0,0,NaN,NaN,NaN
