time,sim_time,true_x,true_y,zone,raw_x,raw_y,raw_error_m,raw_ok,detecting_sensor_count,directional_count,omni_count,kalman_x,kalman_y,kalman_error_m,kalman_ok,measurement_update
1,0,848.502,197.044,early_warning_zone,846.879228877546,197.091802433338,1.62347503476438,1,4,3,1,846.879228877546,197.091802433338,1.62347503476438,1,1
2,1,839.564,201.528,early_warning_zone,838.559176898757,202.713968660497,1.55441021885268,1,5,4,1,839.117944660932,202.336388658673,0.923286298491668,1,1
3,2,830.626,206.012,early_warning_zone,829.653672106433,207.614148401,1.87411339876595,1,5,3,2,831.384515156958,206.689075745252,1.01674815374458,1,1
4,3,821.688,210.496,early_warning_zone,822.20151326871,209.510234839793,1.11149846073643,1,4,3,1,823.090679158674,209.640743323047,1.64285507749456,1,1
5,4,812.749,214.98,early_warning_zone,813.502343974047,213.194222089491,1.93817694984114,1,5,3,2,814.354061960723,213.045662725109,2.51354025048226,1,1
6,5,803.811,219.464,early_warning_zone,802.275021575371,221.746041914476,2.75080806679622,1,5,3,2,804.098694367941,219.430735022,0.2896111325665,1,1
7,6,794.873,223.949,early_warning_zone,795.540425831016,223.635499089725,0.737387320647142,1,5,3,2,795.529418659515,223.662024467379,0.716407993313423,1,1
8,7,785.935,228.433,early_warning_zone,785.410102232878,228.050793549172,0.649306889678989,1,5,3,2,786.242414060593,227.976686622482,0.550204782923414,1,1
9,8,776.996,232.917,early_warning_zone,776.32737150607,232.82658672525,0.674713734220333,1,6,3,3,777.005835733756,232.487972177736,0.429140552657002,1,1
10,9,768.058,237.401,early_warning_zone,769.249544139469,235.774816520544,2.01599854790591,1,5,3,2,768.579521183102,236.406453923323,1.12298986774508,1,1
11,10,759.12,241.885,early_warning_zone,758.35490557847,242.762946846125,1.16454288820813,1,6,3,3,759.282628795541,241.415702720192,0.496677019776377,1,1
12,11,750.182,246.369,early_warning_zone,750.28517124254,245.996379042088,0.386640250830841,1,6,3,3,750.37081734645,245.867899033227,0.535494322305174,1,1
13,12,741.243,250.853,approach_zone,744.293297347527,247.744703944133,4.35497626620965,1,5,2,3,742.423771215466,249.428866419794,1.84996678822708,1,1
14,13,732.597,255.707,approach_zone,733.443074138495,253.922096150867,1.97527800536587,1,5,2,3,733.627820364849,253.754923166225,2.20753133376304,1,1
15,14,726.175,263.372,approach_zone,726.967060697027,261.512366702145,2.02128576660138,1,5,2,3,725.554812974971,259.118850432948,4.2981290331644,1,1
16,15,719.753,271.038,approach_zone,719.599397966922,271.878519061497,0.854438925439503,1,5,2,3,717.772612360484,266.160298503092,5.26439997489638,1,1
17,16,713.332,278.703,approach_zone,713.038652499318,279.82604285201,1.16072305206994,1,5,2,3,710.462702600572,273.779916337786,5.69821202760308,1,1
18,17,706.91,286.369,approach_zone,707.657343694132,284.916755856961,1.63325921033663,1,5,2,3,703.882890566038,280.946614647232,6.21012515486581,1,1
19,18,700.488,294.034,approach_zone,700.606241980083,292.110236343889,1.92739403610823,1,4,1,3,697.364239314306,288.337682098893,6.49660822675629,1,1
20,19,694.066,301.7,approach_zone,691.577276670474,266.16766291667,35.619386889927,1,3,0,3,690.256055434564,285.738680498083,16.4097348495942,1,1
21,20,687.645,309.366,approach_zone,699.364691414825,304.401283780173,12.7279053265701,1,3,0,3,687.776004943269,294.542017602672,14.8245612552768,1,1
22,21,681.223,317.031,approach_zone,678.812544934116,314.433463532626,3.54365479751987,1,3,0,3,680.414147654162,304.268842021673,12.7877644012218,1,1
23,22,674.801,324.697,approach_zone,676.827782038979,328.718066266981,4.50297894254237,1,3,0,3,674.607263799546,315.954607752732,8.74453863393926,1,1
24,23,668.379,332.362,approach_zone,664.894852344107,306.595507740564,26.0009886012752,1,3,0,3,667.050870934369,318.013521062363,14.4098152187588,1,1
25,24,662.891,340.518,approach_zone,685.996137670396,344.185363126061,23.3943783646064,1,3,0,3,668.136292308112,330.300588436901,11.4851465139665,1,1
26,25,660.228,350.157,perimeter_crossing,675.474100785787,349.26762597434,15.2720193598586,1,3,0,3,666.665905568506,341.15684364699,11.0656876192859,1,1
27,26,657.565,359.796,internal_airspace,644.33305068546,339.410247527174,24.3035673625477,1,3,0,3,656.615036129925,346.131902625462,13.6970795578948,1,1
28,27,654.901,369.434,internal_airspace,657.417454388801,379.275411984455,10.1580476735783,1,3,0,3,652.953351984382,361.397957670927,8.26869452255821,1,1
29,28,652.238,379.073,internal_airspace,646.59282314142,369.670406614705,10.9670772831158,1,5,0,5,647.350405357595,370.05563194416,10.2567786386837,1,1
30,29,649.575,388.712,internal_airspace,644.499841461922,400.688993901277,13.0079059459179,1,3,0,3,642.778050892961,385.525546853843,7.50679697449799,1,1
31,30,646.912,398.351,internal_airspace,659.145909117518,384.934440494869,18.1568885343941,1,4,0,4,644.174256293709,392.295791407642,6.64535865836524,1,1
32,31,644.249,407.99,internal_airspace,653.160980684438,402.669034970937,10.3795986704835,1,5,0,5,644.146526852224,402.007610295554,5.98326727815844,1,1
33,32,641.586,417.629,internal_airspace,643.733963771833,430.676810460315,13.2234301969427,1,5,0,5,641.747396255632,417.346816092687,0.325079234769424,1,1
34,33,638.923,427.268,internal_airspace,618.193204414439,448.484458027053,29.6624765694447,1,5,0,5,632.387415271583,434.180749493272,9.513147391849,1,1
35,34,636.26,436.907,internal_airspace,647.6687525663,449.349262739053,16.8810407613594,1,4,0,4,634.105465342393,446.929765047572,10.2517236984645,1,1
36,35,633.596,446.545,internal_airspace,631.100258312619,468.774451040911,22.3691130836787,1,6,0,6,630.989415084924,461.853143707353,15.5284754140406,1,1
37,36,630.933,456.184,internal_airspace,630.330897914965,469.609346215433,13.4388410186688,1,5,0,5,628.596568642993,472.856205976127,16.8351229159875,1,1
38,37,628.213,465.785,internal_airspace,636.818349270182,464.57364774715,8.69019046640037,1,6,0,6,629.013501675093,478.778148387876,13.0177842953861,1,1
39,38,620.385,472.007,internal_airspace,623.732691136672,463.847179158514,8.8198476240633,1,5,0,5,625.738240108103,481.879490920289,11.2304611047901,1,1
40,39,612.556,478.229,internal_airspace,611.398284494283,483.434568976804,5.33275290674899,1,5,0,5,619.583483428105,489.016445758281,12.8745683158754,1,1
41,40,604.727,484.451,internal_airspace,591.502510921284,506.439812822553,25.6592088876166,1,6,0,6,608.77534314841,500.691945271694,16.7379026632796,1,1
42,41,596.899,490.673,critical_zone,603.518515240166,475.687313122612,16.3825759025226,1,6,0,6,603.981651291332,499.722645671998,11.4917377320973,1,1
43,42,589.07,496.895,critical_zone,609.789478546727,507.622251827534,23.3317535350348,1,6,0,6,602.543099914978,507.472131252438,17.128926611154,1,1
44,43,581.242,503.117,critical_zone,567.59051221831,504.221060565988,13.6960603235749,1,6,0,6,589.052543550348,511.822802735256,11.6959647664086,1,1
45,44,573.413,509.339,critical_zone,580.922328946795,503.438524617322,9.55016392386893,1,7,0,7,582.565382791075,514.182674184084,10.3550610986091,1,1
46,45,565.585,515.561,critical_zone,550.342001121267,511.561367225319,15.7589998778277,1,6,0,6,568.625136676772,517.706557414424,3.72100089116389,1,1
47,46,560,520,critical_zone,558.682796867094,507.844447484431,12.2267117841261,1,7,0,7,560.477259818765,518.676573059188,1.40685315590328,1,1
48,47,560,520,critical_zone,563.216122305426,525.412033460576,6.29551815674078,1,8,0,8,556.104503309063,524.116285240648,5.66733611597873,1,1
49,48,560,520,critical_zone,564.696183879323,513.115067253264,8.33405315290802,1,6,0,6,553.915197888963,524.20844202691,7.39836475339935,1,1
50,49,560,520,critical_zone,557.08520321429,531.591329881502,11.9521951424747,1,6,0,6,550.668212794744,529.301666567002,13.175858733603,1,1
51,50,560,520,critical_zone,562.358863905903,504.152600848461,16.0219942202829,1,5,0,5,550.381257853544,524.581774999318,10.6542415321026,1,1
52,51,560,520,critical_zone,545.804061657638,501.41388784224,23.3873519356292,1,6,0,6,545.788994129279,519.332289621249,14.2266835561754,1,1
53,52,560,520,critical_zone,564.169936874409,539.853813657919,20.2869980603321,1,6,0,6,548.212554467714,526.436880027826,13.4304615210807,1,1
54,53,560,520,critical_zone,559.109379405111,504.473232314845,15.5522898568932,1,5,0,5,549.235822223559,521.305275273394,10.8430284857215,1,1
55,54,560,520,critical_zone,574.548690724308,505.995802961807,20.1936112787215,1,6,0,6,555.212523138197,517.271777305802,5.51027528998652,1,1
56,55,560,520,critical_zone,564.53462224868,544.127311395833,24.5497444819638,1,5,0,5,557.377387145477,525.495588308522,6.08930119483921,1,1
57,56,560,520,critical_zone,557.38806778291,528.872662277631,9.24912567757467,1,6,0,6,557.094719675356,527.580521099332,8.11818661415056,1,1
58,57,560,520,critical_zone,564.043026625043,519.127624126349,4.1360734949629,1,5,0,5,558.948179589388,526.12252615973,6.21221802199184,1,1
59,58,560,520,critical_zone,567.993807981161,536.581789818154,18.4080612670949,1,6,0,6,561.725534781969,530.054641311262,10.2016313490498,1,1
60,59,560,520,critical_zone,546.649729407879,510.448095538457,16.4154988874928,1,6,0,6,557.480689265651,525.162600703004,5.74450803767055,1,1
61,60,560,520,critical_zone,567.033712754541,536.669421943614,18.0926157049669,1,4,0,4,560.159599255066,528.959949743592,8.96137106306362,1,1
62,61,560,520,critical_zone,552.999070724835,528.171149093123,10.7601435035928,1,7,0,7,558.113485759623,529.428607212472,9.6154859443623,1,1
63,62,560,520,critical_zone,518.332110629407,522.60399775513,41.7491773440946,1,6,0,6,545.815757180474,527.983130981978,16.2764592168781,1,1
64,63,560,520,critical_zone,564.146512547514,515.490601528614,6.12602978122257,1,5,0,5,549.747643680986,524.506949572551,11.1992591068132,1,1
65,64,560,520,critical_zone,563.38620769483,535.176975130935,15.5501439439492,1,6,0,6,553.045742203534,527.607307306957,10.3069309671783,1,1
66,65,560,520,critical_zone,557.637176570411,541.421834590826,21.5517500866202,1,6,0,6,554.153910304359,532.089022114261,13.4283737067656,1,1
67,66,560,520,critical_zone,564.556036672648,521.581952636371,4.82286681406742,1,5,0,5,557.231082420563,529.657627491409,10.0467245072475,1,1
68,67,560,520,critical_zone,557.670545384519,504.910598979083,15.2681492649124,1,5,0,5,557.671049287839,522.426485671455,3.36330851000167,1,1
69,68,560,520,critical_zone,566.598716869307,543.169795284248,24.0911286127328,1,7,0,7,560.704606238188,528.122064574501,8.15257032495017,1,1
70,69,560,520,critical_zone,561.427441253374,490.394310966107,29.6400811689743,1,7,0,7,561.558581606001,516.787470309905,3.5706475088288,1,1
71,70,560,520,critical_zone,557.783059665892,499.857212424038,20.2644199466784,1,4,0,4,561.030773440089,510.34137977498,9.71346686492322,1,1
72,71,560,520,critical_zone,532.256732068676,517.377279355124,27.8669621431955,1,6,0,6,552.684100238225,510.635828057467,11.8831858309828,1,1
73,72,560,520,critical_zone,556.000141038139,538.564242040738,18.9902594574659,1,5,0,5,553.007876134904,517.688625257473,7.36425483978084,1,1
74,73,560,520,critical_zone,536.557361317967,507.194690044386,26.7120435653231,1,8,0,8,547.458108087699,514.161016690949,13.8344779020824,1,1
75,74,560,520,critical_zone,574.317325340331,504.938171285418,20.7808683439428,1,6,0,6,554.536272241264,510.634778529701,10.8424948332629,1,1
76,75,560,520,critical_zone,561.453777298155,511.673580043597,8.45238059501713,1,5,0,5,556.620082840506,509.927565413606,10.6243954417288,1,1
77,76,560,520,critical_zone,559.81124197088,524.160254357476,4.16453429718791,1,6,0,6,557.833826320956,513.348818713908,6.99503544724723,1,1
78,77,560,520,critical_zone,568.592279556958,519.547787010702,8.60417134723658,1,6,0,6,561.469654980908,514.915959352239,5.29219756537781,1,1
79,78,560,520,critical_zone,586.907150889345,548.259840915117,39.0206788450645,1,6,0,6,569.986448045007,525.034702802921,11.1837997509504,1,1
80,79,560,520,critical_zone,544.857574410294,524.499015171411,15.7966512353846,1,7,0,7,563.992445017797,526.091641117085,7.28338580053873,1,1
81,80,560,520,critical_zone,561.388465983714,492.279497122295,27.7552538734698,1,6,0,6,563.818000307041,516.892294101028,4.92290181692382,1,1
82,81,560,520,critical_zone,555.555055832192,518.554131887475,4.67419118711938,1,7,0,7,561.779453138087,517.164841685988,3.34732372742155,1,1
83,82,560,520,critical_zone,578.944304998072,518.966992146631,18.9724483682285,1,5,0,5,567.164710554455,517.557445377035,7.56962022926424,1,1
84,83,560,520,critical_zone,592.969704987835,511.284263802357,34.1022800477003,1,6,0,6,575.84443344845,515.560894655599,16.4545351669698,1,1
85,84,560,520,critical_zone,548.120691120217,519.078933373112,11.9149629958498,1,4,0,4,569.119557417469,516.318515087154,9.83461532821842,1,1
86,85,560,520,critical_zone,550.739918131326,506.087070437553,16.7128311552576,1,6,0,6,564.083220299503,513.02826106131,8.07946977490002,1,1
87,86,560,520,critical_zone,562.541124258319,514.629644922992,5.94121419823932,1,5,0,5,563.450393497042,512.967971823705,7.83291998916402,1,1
88,87,560,520,critical_zone,543.284332521316,532.431577888839,20.8316506322518,1,5,0,5,557.076395784654,518.457898987115,3.30538002988003,1,1
89,88,560,520,critical_zone,574.508237612377,501.365507877467,23.6163768449336,1,6,0,6,561.424420414245,513.554253619438,6.60125896470156,1,1
90,89,560,520,critical_zone,559.482605239023,520.423258693214,0.668464853277591,1,7,0,7,560.579595248388,515.294993433252,4.7405714260089,1,1
91,90,560,520,critical_zone,571.741054920435,524.160761725007,12.4564966494179,1,5,0,5,563.677604618677,517.930758967003,4.21977892595712,1,1
92,91,560,520,critical_zone,558.952935826338,519.631552935334,1.10999847893017,1,6,0,6,562.369488641612,518.723338055152,2.6915315610542,1,1
93,92,560,520,critical_zone,529.59710744101,513.884560549575,31.0118441184216,1,5,0,5,552.30142982784,517.568171130728,8.07352304419178,1,1
94,93,560,520,critical_zone,572.591098492517,500.604817718143,23.1237725510941,1,5,0,5,557.185423895857,512.503627646877,8.00733645494454,1,1
95,94,560,520,critical_zone,556.475555067957,522.669053956882,4.42103620249219,1,4,0,4,556.508763429846,515.067388526665,6.04312739694087,1,1
96,95,560,520,critical_zone,555.2098843945,533.135497599371,13.9816488547355,1,6,0,6,555.650282713677,520.468172774512,4.37484013624858,1,1
97,96,560,520,critical_zone,544.090587465653,521.612305232983,15.9909016428823,1,5,0,5,551.632086025902,521.401482213836,8.48446443056971,1,1
98,97,560,520,critical_zone,559.391395328544,534.181738850159,14.1947918780176,1,6,0,6,553.09794636415,525.901986430789,9.08139792220175,1,1
99,98,560,520,critical_zone,569.843659389191,526.786169512114,11.9561585309641,1,6,0,6,557.659288337819,527.227565529236,7.59714647514866,1,1
100,99,560,520,critical_zone,552.574681263681,511.902557011343,10.9865345441811,1,5,0,5,556.227164228483,523.575814082526,5.19814737301948,1,1
101,100,560,520,critical_zone,580.201142032144,540.457699478411,28.7507149015777,1,5,0,5,563.471136444873,529.116543716626,9.75500679426143,1,1
102,101,560,520,critical_zone,556.482799466578,505.057500787616,15.3508625915416,1,6,0,6,562.183846121626,522.777609460442,3.53331263797505,1,1
103,102,560,520,critical_zone,554.512266859009,522.232797654844,5.92457596746029,1,5,0,5,560.371062508444,522.639128676809,2.66508678243874,1,1
104,103,560,520,critical_zone,573.450037824041,525.493158760792,14.5285343596452,1,5,0,5,564.573237480303,523.516608969328,5.76897215233445,1,1
105,104,560,520,critical_zone,564.424790887526,530.917351997003,11.7799553914609,1,4,0,4,565.226855777034,525.893170983057,7.87714958277766,1,1
106,105,560,520,critical_zone,541.330563087923,496.308285689374,30.1636403902176,1,6,0,6,558.579628606023,517.247689954923,3.09720284790321,1,1
107,106,560,520,critical_zone,561.960508472052,536.53422104953,16.6500468222681,1,6,0,6,559.30881163141,522.371841475125,2.47050062618854,1,1
108,107,560,520,critical_zone,562.835910562656,496.805058810489,23.3676632444124,1,6,0,6,560.22998919565,514.577612656359,5.42726261890783,1,1
109,108,560,520,critical_zone,551.339768510742,497.32318575785,24.2742149949391,1,5,0,5,557.501759175343,508.335906219139,11.9286332388381,1,1
110,109,560,520,critical_zone,541.8608832122,532.126821974019,21.8194264138861,1,5,0,5,552.36849611643,514.024014455938,9.69289712871114,1,1
111,110,560,520,critical_zone,555.090381514871,534.529454996399,15.3365385978032,1,5,0,5,552.262320534433,519.713939017114,7.74296547827651,1,1
112,111,560,520,critical_zone,555.372776337898,524.511948530533,6.46288467801294,1,6,0,6,552.431989297329,521.427454985542,7.70145529958404,1,1
113,112,560,520,critical_zone,567.996275248646,523.05797365006,8.56105254607021,1,6,0,6,556.570372107656,522.344487280417,4.15439142209581,1,1
114,113,560,520,critical_zone,547.975184556382,512.726229280054,14.0536090360952,1,4,0,4,553.961465966691,519.864031503781,6.04006462741922,1,1
115,114,560,520,critical_zone,580.471281655712,525.675184043548,21.2433774752423,1,6,0,6,561.746517404132,521.701573268644,2.43837540823787,1,1
116,115,560,520,critical_zone,552.722592242146,502.237299367058,19.1956817396412,1,5,0,5,559.714301595519,516.036824219478,3.97346018548599,1,1
117,116,560,520,critical_zone,558.942852290494,500.406146484482,19.6223509515885,1,6,0,6,559.81524733468,510.77681150719,9.22503872735737,1,1
