0.0	-0.011131952503	98
-0.0111319493391	-0.0222639018421	97
0.0	-0.0333958511812	97
0.0222639002602	-0.0445278005204	97
0.0222639002602	-0.0556597498595	97
0.0333958503903	-0.0667917023625	97
0.0556597506504	-0.0890556010407	96
0.0779236501197	-0.10018755038	96
0.0779236501197	-0.10018755038	96
0.0779236501197	-0.122451452222	96
0.0667917007805	-0.133583401561	95
0.0667917007805	-0.133583401561	95
0.0779236501197	-0.1447153509	95
0.0779236501197	-0.133583401561	95
0.0779236501197	-0.1447153509	94
0.0779236501197	-0.155847300239	94
0.0890556002497	-0.166979249578	94
0.0890556002497	-0.166979249578	94
0.11131950051	-0.178111202081	94
0.13358340077	-0.189243151421	93
0.13358340077	-0.189243151421	93
0.144715350109	-0.189243151421	93
0.13358340077	-0.189243151421	93
0.12245145064	-0.178111202081	92
0.11131950051	-0.178111202081	92
0.0890556002497	-0.178111202081	92
0.0779236501197	-0.189243151421	92
0.0890556002497	-0.211507050099	92
0.0779236501197	-0.20037510076	92
0.10018755038	-0.211507050099	91
0.11131950051	-0.24490290128	91
0.11131950051	-0.222639002602	91
0.12245145064	-0.211507050099	91
0.13358340077	-0.211507050099	91
0.0890556002497	0.367354350338	90
0.0222639002602	1.87016759971	90
0.0556597506504	4.17448124895	90
0.233770950359	7.64764964841	90
0.289430700218	10.0744147499	89
0.311694600479	12.1894852477	89
0.278298750088	13.091173198	89
0.244902900489	13.5475831493	89
0.211507050099	13.7924860474	88
0.18924315063	13.7702221488	88
0.18924315063	13.6922985002	88
0.178111200499	13.7590901994	88
0.18924315063	14.6385142478	88
0.222639000229	16.2526470001	87
0.256034850619	18.6460162504	87
0.289430700218	21.9633373496	87
0.289430700218	24.4791580489	87
0.278298750088	25.6702766978	86
0.244902900489	26.2491380983	86
0.211507050099	26.6387563473	86
0.20037510076	26.6832841478	86
0.211507050099	26.6053604993	85
0.20037510076	26.5051729489	85
0.211507050099	26.3381936993	85
0.211507050099	26.2714020001	85
0.211507050099	26.1934783484	85
0.211507050099	26.1600825004	84
0.222639000229	26.1489505479	84
0.222639000229	26.1378185986	84
0.222639000229	26.1378185986	84
0.233770950359	26.1266866492	84
0.233770950359	26.1155546999	83
0.222639000229	26.1155546999	83
0.233770950359	26.1155546999	83
0.211507050099	26.1378185986	83
0.18924315063	26.1600825004	82
0.166979250369	26.1600825004	82
0.166979250369	26.1489505479	82
0.178111200499	26.1712144497	82
0.166979250369	26.1712144497	82
0.18924315063	26.1712144497	81
0.222639000229	26.1712144497	81
0.244902900489	26.1712144497	81
0.256034850619	26.1712144497	81
0.256034850619	26.1823463991	81
0.256034850619	26.1823463991	80
0.244902900489	26.1823463991	80
0.233770950359	26.1823463991	80
0.222639000229	26.1823463991	80
0.211507050099	26.1934783484	79
0.18924315063	26.1823463991	79
0.18924315063	26.2046102978	79
0.20037510076	26.2046102978	79
0.20037510076	26.2157422503	79
0.18924315063	26.2268741996	78
0.20037510076	26.2157422503	78
0.211507050099	26.2157422503	78
0.222639000229	26.1934783484	78
0.222639000229	26.1712144497	77
0.222639000229	26.1489505479	77
0.222639000229	26.1378185986	77
0.222639000229	26.1489505479	77
0.211507050099	26.1600825004	77
0.20037510076	26.1712144497	76
0.20037510076	26.1823463991	76
0.211507050099	26.1934783484	76
0.20037510076	26.1934783484	76
0.20037510076	26.1934783484	76
0.18924315063	26.2046102978	75
0.18924315063	26.2046102978	75
0.20037510076	26.2157422503	75
0.20037510076	26.2157422503	75
0.20037510076	26.2046102978	74
0.211507050099	26.1934783484	74
0.211507050099	26.1823463991	74
0.20037510076	26.1823463991	74
0.211507050099	26.1823463991	74
0.222639000229	26.1823463991	73
0.222639000229	26.1712144497	73
0.222639000229	26.1823463991	73
0.222639000229	26.1823463991	73
0.222639000229	26.1823463991	72
0.211507050099	26.2046102978	72
0.211507050099	26.1934783484	72
0.211507050099	26.1934783484	72
0.18924315063	26.1934783484	72
0.18924315063	26.1823463991	71
0.20037510076	26.1934783484	71
0.211507050099	26.1934783484	71
0.222639000229	26.1823463991	71
0.222639000229	26.1823463991	71
0.222639000229	26.1712144497	70
0.222639000229	26.1600825004	70
0.222639000229	26.1712144497	70
0.211507050099	26.1934783484	70
0.211507050099	26.2157422503	70
0.211507050099	26.2157422503	69
0.222639000229	26.2268741996	69
0.222639000229	26.2046102978	69
0.211507050099	26.1823463991	69
0.18924315063	26.1712144497	68
0.18924315063	26.1712144497	68
0.20037510076	26.1823463991	68
0.20037510076	26.1934783484	68
0.222639000229	26.1823463991	67
0.222639000229	26.1823463991	67
0.211507050099	26.1712144497	67
0.222639000229	26.1712144497	67
0.222639000229	26.1823463991	66
0.222639000229	26.1823463991	66
0.211507050099	26.1934783484	66
0.20037510076	26.1934783484	66
0.20037510076	26.2046102978	66
0.20037510076	26.2046102978	66
0.20037510076	26.2046102978	66
0.20037510076	26.2046102978	65
0.233770950359	26.2380061489	65
0.244902900489	26.2268741996	65
0.233770950359	26.2268741996	65
0.222639000229	26.2268741996	64
0.20037510076	26.2046102978	64
0.18924315063	26.1934783484	64
0.18924315063	26.1712144497	64
0.178111200499	26.1712144497	64
0.20037510076	26.1712144497	63
0.211507050099	26.1823463991	63
0.222639000229	26.1823463991	63
0.233770950359	26.1823463991	63
0.244902900489	26.1823463991	63
0.244902900489	26.1934783484	62
0.222639000229	26.1934783484	62
0.222639000229	26.2157422503	62
0.222639000229	26.2268741996	62
0.222639000229	26.2268741996	61
0.211507050099	26.2380061489	61
0.211507050099	26.2157422503	61
0.211507050099	26.2046102978	61
0.18924315063	26.1823463991	60
0.18924315063	26.1712144497	60
0.20037510076	26.1600825004	60
0.20037510076	26.1600825004	60
0.20037510076	26.1712144497	60
0.211507050099	26.1823463991	59
0.222639000229	26.1934783484	59
0.211507050099	26.2046102978	59
0.211507050099	26.2268741996	59
0.211507050099	26.2380061489	59
0.233770950359	26.2157422503	58
0.233770950359	26.2046102978	58
0.222639000229	26.1934783484	58
0.222639000229	26.1934783484	58
0.222639000229	26.2046102978	57
0.20037510076	26.2268741996	57
0.18924315063	26.2491380983	57
0.178111200499	26.2380061489	57
0.178111200499	26.2268741996	57
0.178111200499	26.2268741996	56
0.20037510076	26.2046102978	56
0.222639000229	26.2268741996	56
0.222639000229	26.2491380983	56
0.222639000229	26.2380061489	55
0.244902900489	26.2380061489	55
0.244902900489	26.2380061489	55
0.256034850619	26.2268741996	55
0.256034850619	26.2268741996	55
0.233770950359	26.2157422503	54
0.222639000229	26.2046102978	54
0.18924315063	26.2046102978	54
0.178111200499	26.2046102978	54
0.166979250369	26.1934783484	54
0.178111200499	26.1823463991	53
0.178111200499	26.1823463991	53
0.18924315063	26.2046102978	53
0.211507050099	26.1934783484	53
0.211507050099	26.2046102978	53
0.222639000229	26.1934783484	52
0.233770950359	26.2046102978	52
0.244902900489	26.2046102978	52
0.233770950359	26.1934783484	52
0.244902900489	26.1934783484	52
0.233770950359	26.2157422503	51
0.222639000229	26.2268741996	51
0.244902900489	26.4606451484	51
0.222639000229	26.4606451484	51
0.222639000229	26.4717770977	51
0.222639000229	26.4717770977	51
0.222639000229	26.4717770977	51
0.222639000229	26.4717770977	51
0.222639000229	26.4717770977	51
0.222639000229	26.4717770977	51
0.222639000229	26.4717770977	51
0.222639000229	26.4717770977	51
0.222639000229	26.4717770977	51
0.222639000229	26.4717770977	51
0.222639000229	26.4717770977	51
0.222639000229	26.4717770977	51
0.222639000229	26.4717770977	51
0.222639000229	26.4717770977	51
0.222639000229	26.4717770977	51
0.222639000229	26.4717770977	51
0.222639000229	26.4717770977	51
0.222639000229	26.4717770977	51
0.222639000229	26.4717770977	51
0.222639000229	26.4717770977	51
0.222639000229	26.4717770977	51
0.222639000229	26.4717770977	51
0.222639000229	26.4717770977	51
0.222639000229	26.4717770977	51
0.222639000229	26.4717770977	51
0.222639000229	26.4717770977	51
0.222639000229	26.4717770977	51
0.222639000229	26.4717770977	51
0.222639000229	26.4717770977	51
0.222639000229	26.4717770977	51
0.222639000229	26.4717770977	51
0.222639000229	26.4717770977	51
0.222639000229	26.4717770977	51
0.222639000229	26.4717770977	51
0.222639000229	26.4717770977	51
0.222639000229	26.4717770977	51
0.222639000229	26.4717770977	51
0.222639000229	26.4717770977	51
0.222639000229	26.4717770977	51
0.222639000229	26.4717770977	51
0.222639000229	26.4717770977	51
0.222639000229	26.4717770977	51
0.222639000229	26.4717770977	51
0.222639000229	26.4717770977	51
0.222639000229	26.4717770977	51
0.222639000229	26.4717770977	51
0.222639000229	26.4717770977	51
0.222639000229	26.4717770977	51
0.222639000229	26.4717770977	51
0.222639000229	26.4717770977	51
0.222639000229	26.4717770977	51
0.222639000229	26.4717770977	51
0.222639000229	26.4717770977	51
0.222639000229	26.4717770977	51
0.222639000229	26.4717770977	51
0.222639000229	26.4717770977	51
0.222639000229	26.4717770977	51
0.222639000229	26.4717770977	51
0.222639000229	26.4717770977	51
0.222639000229	26.4717770977	51
0.222639000229	26.4717770977	51
0.222639000229	26.4717770977	51
0.222639000229	26.4717770977	51
0.222639000229	26.4717770977	51
0.222639000229	26.4717770977	51
0.222639000229	26.4717770977	51
0.222639000229	26.4717770977	51
0.222639000229	26.4717770977	51
0.222639000229	26.4717770977	51
0.222639000229	26.4717770977	51
0.222639000229	26.4717770977	51
0.222639000229	26.4717770977	51
0.222639000229	26.4717770977	51
0.222639000229	26.4717770977	51
0.222639000229	26.4717770977	51
0.222639000229	26.4717770977	51
0.222639000229	26.4717770977	51
0.222639000229	26.4717770977	51
0.222639000229	26.4717770977	51
0.222639000229	26.4717770977	51
0.222639000229	26.4717770977	51
0.222639000229	26.4717770977	51
0.222639000229	26.4717770977	51
0.222639000229	26.4717770977	51
0.222639000229	26.4717770977	51
0.222639000229	26.4717770977	51
0.222639000229	26.4717770977	51
0.222639000229	26.4717770977	51
0.222639000229	26.4717770977	51
0.222639000229	26.4717770977	51
0.222639000229	26.4717770977	51
0.222639000229	26.4717770977	51
0.222639000229	26.4717770977	51
0.222639000229	26.4717770977	51
0.222639000229	26.4717770977	51
0.222639000229	26.4717770977	51
0.222639000229	26.4717770977	51
0.222639000229	26.4717770977	51
0.222639000229	26.4717770977	51
0.222639000229	26.4717770977	51
0.222639000229	26.4717770977	51
0.222639000229	26.4717770977	51
0.222639000229	26.4717770977	51
0.222639000229	26.4717770977	51
0.222639000229	26.4717770977	51
0.222639000229	26.4717770977	51
0.222639000229	26.4717770977	51
0.222639000229	26.4717770977	51
0.222639000229	26.4717770977	51
0.222639000229	26.4717770977	51
0.222639000229	26.4717770977	51
0.222639000229	26.4717770977	51
0.222639000229	26.4717770977	51
0.222639000229	26.4717770977	51
0.222639000229	26.4717770977	51
0.222639000229	26.4717770977	51
-0.0111319501301	0.0333958480173	98
-0.0333958495993	0.0779236485377	97
-0.0445277997294	0.10018755038	97
-0.0667916999896	0.111319499719	97
-0.0779236501197	0.111319499719	97
-0.0890555994588	0.0890555978768	97
-0.100187549589	0.10018755038	96
-0.0890555994588	0.111319499719	96
-0.0667916999896	0.111319499719	96
-0.0556597498595	0.10018755038	96
-0.0333958495993	0.0890555978768	95
-0.0111319501301	0.0667916991986	95
0.0	0.0556597498595	95
0.0	0.0445278005204	95
0.0	0.0333958480173	95
0.0	0.0222638986782	94
0.0111319501301	0.0	94
0.0	0.0	94
0.0111319501301	0.0	94
0.0111319501301	-0.0111319493391	94
0.0111319501301	-0.0111319493391	93
0.0	-0.0111319493391	93
0.0	-0.0111319493391	93
0.0111319501301	0.0	93
0.0	0.0111319493391	92
0.0	0.0	92
-0.0111319501301	0.0	92
-0.0111319501301	0.0111319493391	92
-0.0333958495993	0.0111319493391	92
-0.0222638994692	0.0222638986782	91
-0.0222638994692	0.0111319493391	91
-0.0111319501301	0.0111319493391	91
-0.0111319501301	0.0	91
-0.0111319501301	-0.0111319493391	91
-0.0111319501301	-0.0222639018421	90
0.0222639002602	-0.0333958511812	90
0.0333958503903	-0.0333958511812	90
0.0445278005204	-0.0222639018421	90
0.0445278005204	-0.0111319493391	89
0.0222639002602	-0.0111319493391	89
0.0111319501301	0.0	89
0.0	0.0	89
0.0	-0.0333958511812	88
-0.0111319501301	-0.0333958511812	88
-0.0111319501301	-0.0222639018421	88
0.0	-0.0445278005204	88
0.0	-0.0333958511812	88
0.0	-0.0222639018421	87
0.0222639002602	-0.0222639018421	87
0.0222639002602	0.0111319493391	87
0.0333958503903	0.0222638986782	87
0.0445278005204	0.20037510076	87
-0.0111319501301	1.28017424993	87
-0.0445277997294	3.1392099003	86
0.0779236501197	5.7774820487	86
0.178111200499	8.54933759866	86
0.200375099969	11.3657209491	86
0.144715350109	12.8574022492	85
0.0779236501197	13.7368263008	85
0.0333958503903	14.0819167492	85
0.0111319501301	14.1821042996	85
-0.0111319501301	14.1487084484	85
-0.0222638994692	14.0262569994	84
-0.0222638994692	13.8926735978	84
0.0	13.7702221488	84
0.0	13.6922985002	84
0.0222639002602	13.6477706997	83
0.0667916999896	13.6366387504	83
0.0667916999896	13.6255067979	83
0.0667916999896	13.6366387504	83
0.0779236501197	13.6589026491	83
0.0779236501197	13.6589026491	82
0.10018755038	13.6477706997	82
0.0890556002497	13.6589026491	82
0.0890556002497	13.6477706997	82
0.0779236501197	13.6811665509	82
0.0556597498595	13.6811665509	81
0.0445278005204	13.7034304496	81
0.0556597498595	13.7034304496	81
0.0333958503903	13.7145623989	81
0.0445278005204	13.6922985002	80
0.0556597498595	13.6811665509	80
0.0445278005204	13.6700345984	80
0.0556597498595	13.6589026491	80
0.0556597498595	13.6700345984	80
0.0445278005204	13.6811665509	79
0.0333958503903	13.6811665509	79
0.0333958503903	13.6922985002	79
0.0222639002602	13.6811665509	79
0.0222639002602	13.6922985002	79
0.0222639002602	13.6811665509	78
0.0445278005204	13.6811665509	78
0.0779236501197	13.6811665509	78
0.11131950051	13.6811665509	78
0.11131950051	13.6811665509	77
0.122451449849	13.6922985002	77
0.10018755038	13.6922985002	77
0.0890556002497	13.6922985002	77
0.0890556002497	13.6811665509	77
0.0667916999896	13.6811665509	76
0.0556597498595	13.6811665509	76
0.0445278005204	13.6811665509	76
0.0556597498595	13.7034304496	76
0.0556597498595	13.6922985002	76
0.0556597498595	13.7034304496	75
0.0556597498595	13.7145623989	75
0.200375099969	13.9817291989	75
0.211507050099	13.9928611482	75
0.233770950359	13.9928611482	75
0.233770950359	13.9928611482	75
0.233770950359	13.9928611482	75
0.256034849828	13.9928611482	75
0.256034849828	13.9928611482	75
0.256034849828	13.9928611482	75
0.256034849828	13.9928611482	75
0.256034849828	13.9928611482	75
0.256034849828	13.9928611482	75
0.256034849828	13.9928611482	75
0.256034849828	13.9928611482	75
0.256034849828	13.9928611482	75
0.256034849828	13.9928611482	75
0.256034849828	13.9928611482	75
0.256034849828	13.9928611482	75
0.256034849828	13.9928611482	75
0.256034849828	13.9928611482	75
0.256034849828	13.9928611482	75
0.256034849828	13.9928611482	75
0.256034849828	13.9928611482	75
0.256034849828	13.9928611482	75
0.256034849828	13.9928611482	75
0.256034849828	13.9928611482	75
0.256034849828	13.9928611482	75
0.256034849828	13.9928611482	75
0.256034849828	13.9928611482	75
0.256034849828	13.9928611482	75
0.256034849828	13.9928611482	75
0.256034849828	13.9928611482	75
0.256034849828	13.9928611482	75
0.256034849828	13.9928611482	75
0.256034849828	13.9928611482	75
0.256034849828	13.9928611482	75
0.256034849828	13.9928611482	75
0.256034849828	13.9928611482	75
0.256034849828	13.9928611482	75
0.256034849828	13.9928611482	75
0.256034849828	13.9928611482	75
0.256034849828	13.9928611482	75
0.256034849828	13.9928611482	75
0.256034849828	13.9928611482	75
0.256034849828	13.9928611482	75
0.256034849828	13.9928611482	75
0.256034849828	13.9928611482	75
0.256034849828	13.9928611482	75
0.256034849828	13.9928611482	75
0.256034849828	13.9928611482	75
0.256034849828	13.9928611482	75
0.256034849828	13.9928611482	75
0.256034849828	13.9928611482	75
0.256034849828	13.9928611482	75
0.256034849828	13.9928611482	75
0.256034849828	13.9928611482	75
0.256034849828	13.9928611482	75
0.256034849828	13.9928611482	75
0.256034849828	13.9928611482	75
0.256034849828	13.9928611482	75
0.256034849828	13.9928611482	75
0.256034849828	13.9928611482	75
0.256034849828	13.9928611482	75
0.256034849828	13.9928611482	75
0.256034849828	13.9928611482	75
0.256034849828	13.9928611482	75
0.256034849828	13.9928611482	75
0.256034849828	13.9928611482	75
0.256034849828	13.9928611482	75
0.256034849828	13.9928611482	75
0.256034849828	13.9928611482	75
0.256034849828	13.9928611482	75
0.256034849828	13.9928611482	75
0.256034849828	13.9928611482	75
0.256034849828	13.9928611482	75
0.256034849828	13.9928611482	75
0.256034849828	13.9928611482	75
0.256034849828	13.9928611482	75
0.256034849828	13.9928611482	75
0.256034849828	13.9928611482	75
0.256034849828	13.9928611482	75
0.256034849828	13.9928611482	75
0.256034849828	13.9928611482	75
0.256034849828	13.9928611482	75
0.256034849828	13.9928611482	75
0.256034849828	13.9928611482	75
0.256034849828	13.9928611482	75
0.256034849828	13.9928611482	75
0.256034849828	13.9928611482	75
0.256034849828	13.9928611482	75
0.256034849828	13.9928611482	75
0.256034849828	13.9928611482	75
0.256034849828	13.9928611482	75
0.256034849828	13.9928611482	75
0.256034849828	13.9928611482	75
0.256034849828	13.9928611482	75
0.256034849828	13.9928611482	75
0.256034849828	13.9928611482	75
0.256034849828	13.9928611482	75
0.256034849828	13.9928611482	75
0.256034849828	13.9928611482	75
0.256034849828	13.9928611482	75
0.256034849828	13.9928611482	75
0.256034849828	13.9928611482	75
0.256034849828	13.9928611482	75
0.256034849828	13.9928611482	75
0.256034849828	13.9928611482	75
0.256034849828	13.9928611482	75
0.256034849828	13.9928611482	75
0.256034849828	13.9928611482	75
0.256034849828	13.9928611482	75
0.256034849828	13.9928611482	75
0.256034849828	13.9928611482	75
0.256034849828	13.9928611482	75
0.256034849828	13.9928611482	75
0.256034849828	13.9928611482	75
0.256034849828	13.9928611482	75
0.256034849828	13.9928611482	75
0.256034849828	13.9928611482	75
0.256034849828	13.9928611482	75
0.256034849828	13.9928611482	75
0.256034849828	13.9928611482	75
0.256034849828	13.9928611482	75
0.256034849828	13.9928611482	75
0.256034849828	13.9928611482	75
0.256034849828	13.9928611482	75
0.256034849828	13.9928611482	75
0.256034849828	13.9928611482	75
0.256034849828	13.9928611482	75
0.256034849828	13.9928611482	75
0.256034849828	13.9928611482	75
0.256034849828	13.9928611482	75
0.256034849828	13.9928611482	75
0.256034849828	13.9928611482	75
0.256034849828	13.9928611482	75
0.256034849828	13.9928611482	75
0.256034849828	13.9928611482	75
0.256034849828	13.9928611482	75
0.256034849828	13.9928611482	75
0.256034849828	13.9928611482	75
0.256034849828	13.9928611482	75
0.256034849828	13.9928611482	75
0.256034849828	13.9928611482	75
0.256034849828	13.9928611482	75
0.256034849828	13.9928611482	75
0.256034849828	13.9928611482	75
0.256034849828	13.9928611482	75
0.256034849828	13.9928611482	75
0.256034849828	13.9928611482	75
0.256034849828	13.9928611482	75
0.256034849828	13.9928611482	75
0.256034849828	13.9928611482	75
0.256034849828	13.9928611482	75
0.256034849828	13.9928611482	75
0.256034849828	13.9928611482	75
0.256034849828	13.9928611482	75
0.256034849828	13.9928611482	75
0.256034849828	13.9928611482	75
0.256034849828	13.9928611482	75
0.256034849828	13.9928611482	75
0.256034849828	13.9928611482	75
0.256034849828	13.9928611482	75
0.256034849828	13.9928611482	75
0.256034849828	13.9928611482	75
0.256034849828	13.9928611482	75
0.256034849828	13.9928611482	75
0.256034849828	13.9928611482	75
0.256034849828	13.9928611482	75
0.256034849828	13.9928611482	75
0.256034849828	13.9928611482	75
0.256034849828	13.9928611482	75
0.256034849828	13.9928611482	75
0.256034849828	13.9928611482	75
0.256034849828	13.9928611482	75
0.256034849828	13.9928611482	75
0.256034849828	13.9928611482	75
0.256034849828	13.9928611482	75
0.256034849828	13.9928611482	75
0.256034849828	13.9928611482	75
0.256034849828	13.9928611482	75
0.256034849828	13.9928611482	75
0.256034849828	13.9928611482	75
0.256034849828	13.9928611482	75
0.256034849828	13.9928611482	75
0.256034849828	13.9928611482	75
0.256034849828	13.9928611482	75
0.256034849828	13.9928611482	75
0.256034849828	13.9928611482	75
0.256034849828	13.9928611482	75
0.256034849828	13.9928611482	75
0.256034849828	13.9928611482	75
0.256034849828	13.9928611482	75
0.256034849828	13.9928611482	75
0.256034849828	13.9928611482	75
0.0	0.0222638986782	98
-0.0333958503903	0.0445278005204	97
-0.0333958503903	0.0556597498595	97
-0.0556597498595	0.0556597498595	97
-0.0779236501197	0.0667916991986	97
-0.0667916999896	0.155847300239	96
-0.0779236501197	0.923951848933	96
-0.144715350109	2.94996674888	96
-0.0333958503903	5.45465549888	96
0.0333958495993	8.28217079871	96
0.0667916999896	10.7089359002	95
0.0890555994588	12.7238188476	95
0.0890555994588	13.4919233995	95
0.111319499719	13.9483333477	95
0.111319499719	14.0596528474	94
0.111319499719	14.0039930975	94
0.111319499719	13.9038055503	94
0.0890555994588	13.7702221488	94
0.0667916999896	13.6143748485	94
0.0667916999896	13.5141872982	93
0.0667916999896	13.4696594976	93
0.0333958495993	13.447395599	93
0.0333958495993	13.4139997478	93
0.0445277997294	13.4139997478	93
0.0445277997294	13.4028677984	92
0.0445277997294	13.4028677984	92
0.0445277997294	13.4139997478	92
0.0445277997294	13.4251317003	92
0.0445277997294	13.4362636496	91
0.0556597498595	13.4585275483	91
0.0667916999896	13.4585275483	91
0.0779236501197	13.4696594976	91
0.0890555994588	13.4807914501	91
0.0890555994588	13.5364512	90
0.100187549589	13.5253192475	90
0.0890555994588	13.5364512	90
0.0779236501197	13.5364512	90
0.0779236501197	13.5141872982	90
0.0779236501197	13.5030553488	89
0.0890555994588	13.4696594976	89
0.100187549589	13.4807914501	89
0.111319499719	13.4807914501	89
0.100187549589	13.4807914501	88
0.122451449849	13.5141872982	88
0.122451449849	13.5141872982	88
0.100187549589	13.5364512	88
0.100187549589	13.5587150987	88
0.0779236501197	13.5587150987	87
0.0779236501197	13.5809790005	87
0.0779236501197	13.5921109499	87
0.0890555994588	13.6032428992	87
0.100187549589	13.5921109499	86
0.133583399979	13.5587150987	86
0.122451449849	13.5475831493	86
0.111319499719	13.5364512	86
0.100187549589	13.5475831493	85
0.100187549589	13.5475831493	85
0.100187549589	13.5587150987	85
0.0890555994588	13.569847048	85
0.0890555994588	13.5475831493	85
0.0890555994588	13.5587150987	84
0.0890555994588	13.5475831493	84
0.0890555994588	13.5587150987	84
0.0890555994588	13.5809790005	84
0.100187549589	13.6032428992	84
0.100187549589	13.6032428992	83
0.0890555994588	13.6143748485	83
0.0890555994588	13.6366387504	83
0.100187549589	13.6143748485	83
0.111319499719	13.6032428992	82
0.111319499719	13.5921109499	82
0.122451449849	13.6032428992	82
0.111319499719	13.6143748485	82
0.0890555994588	13.6255067979	82
0.100187549589	13.6366387504	81
0.0890555994588	13.6255067979	81
0.0890555994588	13.6366387504	81
0.100187549589	13.6143748485	81
0.100187549589	13.6032428992	80
0.0890555994588	13.6032428992	80
0.100187549589	13.5921109499	80
0.100187549589	13.5921109499	80
0.0667916999896	13.6143748485	80
0.0667916999896	13.6255067979	79
0.0556597498595	13.6255067979	79
0.0556597498595	13.6143748485	79
0.0556597498595	13.6255067979	79
0.0667916999896	13.6143748485	78
0.0890555994588	13.6143748485	78
0.122451449849	13.6143748485	78
0.155847299448	13.6143748485	78
0.155847299448	13.6255067979	78
0.178111199709	14.315687698	77
0.189243149839	15.3398271005	77
0.211507050099	16.3194386993	77
0.233770949568	17.6886685503	77
0.244902899698	18.9020510978	76
0.267166799958	20.2378850976	76
0.300562649558	22.1303165992	76
0.367354349547	24.9021721491	76
0.423014099407	27.8076110975	76
0.445277999667	30.6128624986	75
0.445277999667	31.8039811475	75
0.456409949797	32.2715230483	75
0.456409949797	32.6388773986	75
0.456409949797	32.7613288476	75
0.456409949797	32.6945371484	74
0.445277999667	32.5609537501	74
0.456409949797	32.382842548	74
0.445277999667	32.2715230483	74
0.456409949797	32.1713354979	73
0.467541899927	32.1379396499	73
0.478673850057	32.115675748	73
0.478673850057	32.115675748	73
0.478673850057	32.1045437987	73
0.467541899927	32.115675748	72
0.456409949797	32.1490715992	72
0.456409949797	32.1602035485	72
0.456409949797	32.1602035485	72
0.467541899927	32.1490715992	72
0.456409949797	32.1379396499	71
0.467541899927	32.1379396499	71
0.456409949797	32.1379396499	71
0.456409949797	32.1268077005	71
0.478673850057	32.1379396499	70
0.478673850057	32.1268077005	70
0.478673850057	32.1268077005	70
0.478673850057	32.115675748	70
0.478673850057	32.115675748	70
0.478673850057	32.1268077005	69
0.467541899927	32.1379396499	69
0.467541899927	32.1268077005	69
0.456409949797	32.1268077005	69
0.456409949797	32.1268077005	68
0.456409949797	32.1268077005	68
0.467541899927	32.2269952477	68
0.478673850057	33.0730234481	68
0.489805799396	34.6648922985	68
0.500937749526	36.9692059478	67
0.523201649786	40.2642631483	67
0.523201649786	42.9359311479	67
0.489805799396	44.9508140985	67
0.467541899927	46.0862729975	67
0.467541899927	46.754189999	66
0.467541899927	47.7449335503	66
0.467541899927	49.6039691975	66
0.478673850057	52.9212902999	66
0.467541899927	55.5595624483	65
0.445277999667	57.6857648986	65
0.467541899927	60.2683773003	65
0.467541899927	63.2406079479	65
0.478673850057	67.0032070492	65
0.489805799396	70.0978891489	64
0.500937749526	73.3261546503	64
0.500937749526	76.5655520978	64
0.489805799396	79.0479769491	64
0.467541899927	80.5396582491	63
0.467541899927	81.0405959979	63
0.445277999667	81.2966308485	63
0.445277999667	81.2298391493	63
0.456409949797	81.0962557477	62
0.456409949797	80.9292764982	62
0.489805799396	80.7956930998	62
0.500937749526	80.6509777489	62
0.500937749526	80.5841860497	62
0.500937749526	80.5507901985	61
0.467541899927	80.506262398	61
0.456409949797	80.4839984993	61
0.456409949797	80.4839984993	61
0.456409949797	80.4839984993	61
0.456409949797	80.4839984993	60
0.467541899927	80.506262398	60
0.467541899927	80.5173943505	60
0.489805799396	80.5285262998	60
0.500937749526	80.5285262998	59
0.500937749526	80.5285262998	59
0.500937749526	80.5285262998	59
0.489805799396	80.5507901985	59
0.478673850057	80.5619221478	59
0.478673850057	80.5730541003	58
0.478673850057	80.5841860497	58
0.467541899927	80.5730541003	58
0.478673850057	80.5507901985	58
0.467541899927	80.5396582491	57
0.445277999667	80.5173943505	57
0.456409949797	80.506262398	57
0.456409949797	80.506262398	57
0.456409949797	80.5173943505	57
0.467541899927	80.5396582491	56
0.478673850057	80.5396582491	56
0.478673850057	80.5507901985	56
0.478673850057	80.5619221478	56
0.478673850057	80.5841860497	56
0.478673850057	80.5730541003	55
0.500937749526	80.5619221478	55
0.489805799396	80.5507901985	55
0.478673850057	80.5396582491	55
0.478673850057	80.5507901985	54
0.478673850057	80.5619221478	54
0.456409949797	80.595317999	54
0.445277999667	80.595317999	54
0.445277999667	80.5841860497	54
0.445277999667	80.5841860497	53
0.445277999667	80.5730541003	53
