x,y,z,orientation_deg,fov_deg,threshold_dbm,mount_type,sensor_id
550,700,15,-104.036243467926,90,-65,fence,0
500,700,15,-90,90,-65,fence,1
400,700,15,-63.434948822922,90,-65,fence,2
350,700,15,-53.130102354156,90,-65,fence,3
250,700,15,-38.6598082540901,90,-65,fence,4
300,700,15,-45,90,-65,fence,5
600,700,15,-116.565051177078,90,-65,fence,6
300,650,15,90,90,-65,wall,7
350,650,15,90,90,-65,wall,8
250,650,15,-30.9637565320735,90,-65,fence,9
750,550,15,-168.69006752598,90,-65,fence,10
750,450,15,168.69006752598,90,-65,fence,11
700,300,15,135,90,-65,fence,12
750,300,15,141.34019174591,90,-65,fence,13
700,700,15,-135,90,-65,fence,14
750,650,15,-149.036243467926,90,-65,fence,15
450,700,15,-75.9637565320735,90,-65,fence,16
750,500,15,180,90,-65,fence,17
750,350,15,149.036243467926,90,-65,fence,18
700,350,15,-90,90,-65,wall,19
650,350,15,-90,90,-65,wall,20
750,400,15,158.198590513648,90,-65,fence,21
250,600,15,-21.8014094863518,90,-65,fence,22
250,300,15,38.6598082540901,90,-65,fence,23
