sensor_id,x,y,z,orientation_deg,fov_deg,threshold_dbm,sensor_type
0,250,300,15,-141.34019174591,360,-70,omni
1,250,350,15,-149.036243467926,120,-70,directional
2,250,450,15,-168.69006752598,120,-70,directional
3,250,550,15,168.69006752598,120,-70,directional
4,250,650,15,149.036243467926,120,-70,directional
5,250,700,15,141.34019174591,360,-70,omni
6,300,700,15,135,120,-70,directional
7,400,700,15,116.565051177078,120,-70,directional
8,600,700,15,63.434948822922,120,-70,directional
9,700,700,15,45,120,-70,directional
10,750,700,15,38.6598082540901,360,-70,omni
11,750,650,15,30.9637565320735,120,-70,directional
12,750,550,15,11.3099324740202,120,-70,directional
13,750,450,15,-11.3099324740202,120,-70,directional
14,750,350,15,-30.9637565320735,120,-70,directional
15,750,300,15,-38.6598082540901,360,-70,omni
16,700,300,15,-45,120,-70,directional
17,600,300,15,-63.434948822922,120,-70,directional
18,400,300,15,-116.565051177078,120,-70,directional
19,300,300,15,-135,120,-70,directional
20,300,500,15,180,360,-70,omni
21,500,350,15,-90,360,-70,omni
22,700,500,15,0,360,-70,omni
23,500,650,15,90,360,-70,omni
