sensor_mode,method,perimeter_fov_deg,wall_fov_deg,rssi_noise_db,aoa_noise_deg,total_cases,localised_cases,success_rate_pct,mean_error_m,rmse_error_m,median_error_m,p95_error_m,max_error_m,pct_below_1m,pct_below_2m,pct_below_5m,pct_below_10m,mean_sensor_count
directional_all,fence24_aoa_rssi,90,120,1,0.5,2385,950,39.832285115304,3.14440038089273,4.44907934439195,2.10976791368356,9.86192552548409,21.5373544370226,23.8947368421053,48.1052631578947,80.4210526315789,95.0526315789474,1.22557651991614
directional_all,fence24_aoa_rssi_gated_kalman,90,120,1,0.5,2385,157,6.58280922431866,5.40271523138643,6.96052924015257,4.01675408121635,13.9238520804598,21.5373544370226,7.00636942675159,24.203821656051,59.2356687898089,81.5286624203822,1.22557651991614
directional_all,fence24_aoa_rssi,90,120,1,1,2385,937,39.2872117400419,4.8143857044826,6.70442459597942,3.39156661599591,13.8252071402751,37.2448377054104,9.81856990394877,28.3884738527215,66.5955176093917,90.1814300960512,1.22054507337526
directional_all,fence24_aoa_rssi_gated_kalman,90,120,1,1,2385,433,18.1551362683438,5.06750048336112,7.36528287252863,3.47283586635602,14.848047806372,37.2448377054104,6.9284064665127,24.9422632794457,67.4364896073903,89.1454965357968,1.22054507337526
directional_all,fence24_aoa_rssi,90,120,1,2,2385,934,39.1614255765199,6.90142381734756,9.01107992292927,5.15163307508897,18.332520046991,45.4386637417737,4.28265524625268,14.4539614561028,49.0364025695932,77.7301927194861,1.2125786163522
directional_all,fence24_aoa_rssi_gated_kalman,90,120,1,2,2385,812,34.0461215932914,5.77167392270532,7.72544834106103,4.17533195949175,15.2989689658066,45.4386637417737,5.41871921182266,16.5024630541872,58.3743842364532,85.3448275862069,1.2125786163522
directional_all,fence24_aoa_rssi,90,120,1,5,2385,940,39.4129979035639,9.25345326954703,11.3080770562958,7.73325274711616,22.4079518076181,43.2583391122608,1.06382978723404,5.53191489361702,30.531914893617,63.7234042553191,1.2125786163522
directional_all,fence24_aoa_rssi_gated_kalman,90,120,1,5,2385,940,39.4129979035639,7.78831575282471,9.91931538491454,5.9405745307553,21.1545121581241,43.2583391122608,1.80851063829787,6.59574468085106,39.3617021276596,76.063829787234,1.2125786163522
directional_all,fence24_aoa_rssi,90,120,2,0.5,2385,947,39.706498951782,3.68493708791859,5.79843513235311,2.19892161025508,12.0595323960325,34.842636147465,23.7592397043295,46.0401267159451,77.8247096092925,92.3970432946146,1.22264150943396
directional_all,fence24_aoa_rssi_gated_kalman,90,120,2,0.5,2385,278,11.6561844863732,4.85608327157262,7.34999144069861,2.82969917587643,16.6225671371791,34.842636147465,12.589928057554,34.5323741007194,70.1438848920863,88.8489208633093,1.22264150943396
directional_all,fence24_aoa_rssi,90,120,2,1,2385,935,39.2033542976939,6.77455900120588,10.1290558828956,4.36325743738593,21.208410857691,66.272793686994,9.83957219251337,22.9946524064171,55.8288770053476,80,1.21635220125786
directional_all,fence24_aoa_rssi_gated_kalman,90,120,2,1,2385,409,17.1488469601677,7.51397474756196,11.5340243837875,4.34633870399566,26.9355022956125,66.272793686994,6.60146699266504,18.8264058679707,55.0122249388753,78.239608801956,1.21635220125786
directional_all,fence24_aoa_rssi,90,120,2,2,2385,938,39.3291404612159,11.2737488940904,15.9489101411242,7.59075568228774,32.8270847312598,83.8367981952263,1.49253731343284,8.95522388059701,35.2878464818763,60.5543710021322,1.22599580712788
directional_all,fence24_aoa_rssi_gated_kalman,90,120,2,2,2385,718,30.104821802935,10.2721198744701,15.3395914671903,6.44581793915827,33.9748224870721,83.8367981952263,2.50696378830084,7.38161559888579,38.3008356545961,69.6378830083565,1.22599580712788
directional_all,fence24_aoa_rssi,90,120,2,5,2385,931,39.0356394129979,16.3124720719023,20.7899015765173,12.6547015072346,42.8071371970007,83.9618268659049,0.966702470461869,3.22234156820623,15.359828141783,37.0569280343716,1.21425576519916
directional_all,fence24_aoa_rssi_gated_kalman,90,120,2,5,2385,931,39.0356394129979,12.4035816903479,17.1661359076402,8.79926198609106,36.8820319315248,83.9618268659049,1.71858216970999,6.22986036519871,25.7787325456498,56.0687432867884,1.21425576519916
directional_all,fence24_aoa_rssi,90,120,3,0.5,2385,914,38.3228511530398,3.79545997800126,5.84772378517597,2.23433034566387,12.0472496296101,41.9906677873196,22.5382932166302,45.8424507658643,76.4770240700219,90.9190371991247,1.22012578616352
directional_all,fence24_aoa_rssi_gated_kalman,90,120,3,0.5,2385,318,13.3333333333333,4.44599617693866,7.04285794290123,2.55910070559467,15.1975818209323,41.9906677873196,14.4654088050314,39.3081761006289,73.2704402515723,88.9937106918239,1.22012578616352
directional_all,fence24_aoa_rssi,90,120,3,1,2385,940,39.4129979035639,7.76878143302648,11.3677669446881,4.93991395529412,24.3452542053467,50.7440031913933,7.65957446808511,21.063829787234,50.3191489361702,75.531914893617,1.23396226415094
directional_all,fence24_aoa_rssi_gated_kalman,90,120,3,1,2385,425,17.8197064989518,7.5671086288675,11.5943649039406,4.03372157889078,27.4059956108041,50.7440031913933,7.52941176470588,20.7058823529412,56,76.9411764705882,1.23396226415094
directional_all,fence24_aoa_rssi,90,120,3,2,2385,932,39.0775681341719,13.9190851260458,19.4124060290879,9.00354439034287,43.0362326579902,94.3925078547235,2.14592274678112,9.01287553648069,28.4334763948498,53.4334763948498,1.21593291404612
directional_all,fence24_aoa_rssi_gated_kalman,90,120,3,2,2385,771,32.3270440251572,11.9016768646624,17.451383247377,7.28554279848838,38.2962730289751,94.3925078547235,2.98313878080415,9.07911802853437,34.3709468223087,61.4785992217899,1.21593291404612
directional_all,fence24_aoa_rssi,90,120,3,5,2385,942,39.4968553459119,22.6076568839113,29.2717299646517,17.2966586290704,63.4470144292511,107.799473627927,0.106157112526539,0.743099787685775,10.5095541401274,26.4331210191083,1.22557651991614
directional_all,fence24_aoa_rssi_gated_kalman,90,120,3,5,2385,917,38.4486373165618,18.5678502311481,25.4124096648726,12.9661955802257,54.9155753476913,107.799473627927,1.19956379498364,3.4896401308615,16.9029443838604,39.9127589967285,1.22557651991614
directional_all,fence24_aoa_rssi,90,120,5,0.5,2385,921,38.6163522012579,4.48961968697585,7.49950552837494,2.46098690366746,17.6664108095267,56.3411824950034,21.6069489685125,42.7795874049946,74.5928338762215,89.3593919652552,1.21215932914046
directional_all,fence24_aoa_rssi_gated_kalman,90,120,5,0.5,2385,551,23.1027253668763,4.55491799574735,7.24901106692607,2.72833096126411,14.691107089279,56.3411824950034,13.6116152450091,35.02722323049,70.7803992740472,90.3811252268602,1.21215932914046
directional_all,fence24_aoa_rssi,90,120,5,1,2385,924,38.7421383647799,9.71951555569397,15.1110657510165,5.50736383362989,33.0898463400797,97.1448327866228,8.22510822510823,20.021645021645,47.0779220779221,68.8311688311688,1.22893081761006
directional_all,fence24_aoa_rssi_gated_kalman,90,120,5,1,2385,569,23.8574423480084,8.9086175922599,14.6571321213711,4.71308128083711,30.8054300878888,97.1448327866228,5.09666080843585,19.1564147627417,51.1423550087873,73.8137082601054,1.22893081761006
directional_all,fence24_aoa_rssi,90,120,5,2,2385,942,39.4968553459119,16.9017648960629,24.6500832609112,10.5258176666778,55.7256726320242,109.771867155894,1.80467091295117,7.64331210191083,25.9023354564756,47.8768577494692,1.24276729559748
directional_all,fence24_aoa_rssi_gated_kalman,90,120,5,2,2385,669,28.0503144654088,14.7246533492811,22.496378421964,8.51303191813442,50.9348704660405,109.771867155894,2.24215246636771,9.11808669656203,30.3437967115097,57.6980568011958,1.24276729559748
directional_all,fence24_aoa_rssi,90,120,5,5,2385,895,37.5262054507338,32.274742071174,42.5885352958295,22.3576381672176,93.7857809805211,148.831052554454,0.223463687150838,0.893854748603352,6.70391061452514,19.6648044692737,1.1874213836478
directional_all,fence24_aoa_rssi_gated_kalman,90,120,5,5,2385,851,35.6813417190776,28.3274397545486,39.000192191755,19.4941306603536,82.5084812123438,148.831052554454,0.705052878965922,2.7027027027027,12.5734430082256,29.0246768507638,1.1874213836478
directional_all,fence24_aoa_rssi,120,120,1,0.5,2385,1243,52.1174004192872,2.51420479869527,3.86974217433985,1.51782756516271,8.08534352077902,22.6390458601674,34.3523732904264,59.8551890587289,87.4497184231698,97.3451327433628,1.60754716981132
directional_all,fence24_aoa_rssi_gated_kalman,120,120,1,0.5,2385,168,7.0440251572327,4.66556193865835,6.44860418539807,2.90344794585729,14.1580056205514,22.6390458601674,14.2857142857143,33.3333333333333,66.0714285714286,89.8809523809524,1.60754716981132
directional_all,fence24_aoa_rssi,120,120,1,1,2385,1246,52.2431865828092,3.93478899156303,5.52499028160368,2.72798738924868,12.3301569117526,31.0371633981029,15.8908507223114,37.7207062600321,74.2375601926164,93.0176565008026,1.61132075471698
directional_all,fence24_aoa_rssi_gated_kalman,120,120,1,1,2385,580,24.3186582809224,4.13492457115075,5.87945821825371,2.84711245720053,12.9599687563065,31.0371633981029,10.5172413793103,33.7931034482759,75.6896551724138,92.7586206896552,1.61132075471698
directional_all,fence24_aoa_rssi,120,120,1,2,2385,1241,52.0335429769392,5.73487134437936,7.69296523776823,4.28884152601732,15.9614613292005,35.8041077212721,6.76873489121676,22.5624496373892,57.5342465753425,85.334407735697,1.6104821802935
directional_all,fence24_aoa_rssi_gated_kalman,120,120,1,2,2385,1036,43.4381551362683,4.83410917433512,6.57004476398988,3.44167085788892,13.2812190677509,35.8041077212721,6.94980694980695,21.8146718146718,68.2432432432432,91.2162162162162,1.6104821802935
directional_all,fence24_aoa_rssi,120,120,1,5,2385,1248,52.3270440251572,7.9616553090094,10.1604762066794,6.17647960090589,20.3467775374195,62.7444184953551,2.32371794871795,9.13461538461539,38.1410256410256,73.2371794871795,1.59706498951782
directional_all,fence24_aoa_rssi_gated_kalman,120,120,1,5,2385,1247,52.2851153039832,6.59627639057823,8.66085264260889,4.99694956072566,17.1865691943442,53.7297740890045,3.04731355252606,12.9911788291901,50.0400962309543,81.2349639133921,1.59706498951782
directional_all,fence24_aoa_rssi,120,120,2,0.5,2385,1225,51.3626834381551,3.02229152433277,4.79831512320383,1.71529663785937,10.4065516083894,28.0544092413254,31.265306122449,55.5918367346939,83.4285714285714,94.530612244898,1.59958071278826
directional_all,fence24_aoa_rssi_gated_kalman,120,120,2,0.5,2385,347,14.5492662473795,4.1605765457351,6.21531883046075,2.43412812414921,14.1118775481567,26.1693462877682,18.7319884726225,42.3631123919308,73.7752161383285,90.2017291066282,1.59958071278826
directional_all,fence24_aoa_rssi,120,120,2,1,2385,1242,52.0754716981132,5.70554365552135,9.18093865398293,3.36106276424334,19.0863395676548,73.1955376249002,15.5394524959742,33.4138486312399,65.0563607085346,84.9436392914654,1.6083857442348
directional_all,fence24_aoa_rssi_gated_kalman,120,120,2,1,2385,512,21.4675052410901,6.53995900546247,10.8379153316115,3.48248994022742,23.263429913435,73.1955376249002,6.8359375,27.734375,61.9140625,83.203125,1.6083857442348
directional_all,fence24_aoa_rssi,120,120,2,2,2385,1249,52.3689727463312,9.72544374849837,14.6630131617279,6.02758850732187,32.1935544696038,130.020269270168,4.4035228182546,15.6925540432346,43.4747798238591,67.7341873498799,1.60167714884696
directional_all,fence24_aoa_rssi_gated_kalman,120,120,2,2,2385,1003,42.0545073375262,7.9530324322642,13.0012377023882,4.80172832626667,27.7894573721422,130.020269270168,6.28115653040877,17.7467597208375,51.9441674975075,79.0628115653041,1.60167714884696
directional_all,fence24_aoa_rssi,120,120,2,5,2385,1227,51.4465408805031,13.6104990283137,18.5009238097204,9.67463912440544,38.3491057517745,94.21318458701,1.05949470252649,5.05297473512632,23.7163814180929,51.9152404237979,1.58574423480084
directional_all,fence24_aoa_rssi_gated_kalman,120,120,2,5,2385,1226,51.4046121593291,10.8138969405402,15.8149430418589,6.97166692679746,33.4134887749098,94.21318458701,2.03915171288744,8.07504078303426,33.768352365416,66.721044045677,1.58574423480084
directional_all,fence24_aoa_rssi,120,120,3,0.5,2385,1226,51.4046121593291,3.16663018400714,5.39842739092036,1.70072353244982,11.1147904703369,34.4553871112218,31.4029363784666,55.3833605220228,83.278955954323,94.1272430668842,1.59622641509434
directional_all,fence24_aoa_rssi_gated_kalman,120,120,3,0.5,2385,499,20.9224318658281,3.59974241630702,5.70961120124266,2.13543406602786,12.9713730049703,30.8777892163529,21.0420841683367,45.4909819639279,80.561122244489,92.7855711422846,1.59622641509434
directional_all,fence24_aoa_rssi,120,120,3,1,2385,1234,51.7400419287212,6.42744368719985,10.4233928008027,3.62648290538486,22.821941124688,74.2729521086883,12.9659643435981,29.3354943273906,62.3176661264182,82.1717990275527,1.59874213836478
directional_all,fence24_aoa_rssi_gated_kalman,120,120,3,1,2385,747,31.3207547169811,6.11929416593161,10.412156764982,3.31199012415914,21.779237436507,74.2729521086883,10.4417670682731,28.1124497991968,66.8005354752343,84.7389558232932,1.59874213836478
directional_all,fence24_aoa_rssi,120,120,3,2,2385,1229,51.5303983228512,11.8560163681291,17.9203306752732,7.13673875024563,39.6471193173994,84.7202101919614,4.06834825061025,12.4491456468674,38.3238405207486,61.513425549227,1.60083857442348
directional_all,fence24_aoa_rssi_gated_kalman,120,120,3,2,2385,914,38.3228511530398,10.3357194866562,16.527206795139,5.76382883896387,35.3901335095425,84.7202101919614,2.84463894967177,12.472647702407,41.6849015317287,71.1159737417943,1.60083857442348
directional_all,fence24_aoa_rssi,120,120,3,5,2385,1217,51.0272536687631,19.1367275585918,26.2253768876994,13.1073959674386,53.7480793883817,124.562794771975,1.80772391125719,3.86195562859491,17.2555464256368,39.5234182415777,1.59622641509434
directional_all,fence24_aoa_rssi_gated_kalman,120,120,3,5,2385,1202,50.398322851153,15.8623083651716,22.7591018559954,10.0251187086693,48.6492779971448,124.562794771975,0.415973377703827,4.49251247920133,20.5490848585691,49.9168053244592,1.59622641509434
directional_all,fence24_aoa_rssi,120,120,5,0.5,2385,1235,51.7819706498952,3.70950726576186,6.13622080091629,2.08184341449501,13.0876095868779,46.8625086691824,27.4493927125506,48.582995951417,79.1093117408907,91.336032388664,1.57568134171908
directional_all,fence24_aoa_rssi_gated_kalman,120,120,5,0.5,2385,730,30.6079664570231,3.88193203983874,5.70081299247035,2.58476095714048,11.5668460450238,43.927596077183,15.2054794520548,38.7671232876712,75.6164383561644,92.8767123287671,1.57568134171908
directional_all,fence24_aoa_rssi,120,120,5,1,2385,1205,50.5241090146751,7.87823941725967,12.7558798369131,4.2073088800499,29.1206976705452,85.3107729710365,10.5394190871369,26.7219917012448,54.8547717842324,76.1825726141079,1.55681341719078
directional_all,fence24_aoa_rssi_gated_kalman,120,120,5,1,2385,707,29.643605870021,7.17942609462978,11.5454220148867,4.11646785323791,25.5445509087445,73.3376935582176,6.93069306930693,23.1966053748232,57.2842998585573,79.4908062234795,1.55681341719078
directional_all,fence24_aoa_rssi,120,120,5,2,2385,1211,50.7756813417191,15.5295621749554,23.8718278463448,8.55257665120495,52.4709868105962,156.269398672862,2.89017341040462,9.99174236168456,32.0396366639141,55.4913294797688,1.5727463312369
directional_all,fence24_aoa_rssi_gated_kalman,120,120,5,2,2385,897,37.6100628930818,13.8064248428051,22.1632296071784,7.14262663272098,50.3096568300662,156.269398672862,3.90189520624303,11.8171683389075,36.231884057971,59.866220735786,1.5727463312369
directional_all,fence24_aoa_rssi,120,120,5,5,2385,1237,51.8658280922432,28.7238899184851,39.4561554187167,19.2527896035401,85.1099001725764,187.085618035416,1.05092966855295,2.58690379951496,11.3985448666128,26.1115602263541,1.6167714884696
directional_all,fence24_aoa_rssi_gated_kalman,120,120,5,5,2385,1184,49.643605870021,25.0757073576655,36.0177827939032,15.6825827714995,80.9446281429798,187.085618035416,1.01351351351351,3.29391891891892,15.1182432432432,35.472972972973,1.6167714884696
hybrid_corner_wall_omni,fence24_aoa_rssi,90,120,1,0.5,2385,1792,75.1362683438155,11.9161687005481,23.1769540726602,4.48028391932489,48.9206964119303,161.24065439263,11.9419642857143,26.171875,52.8459821428571,68.8616071428571,1.95052410901467
hybrid_corner_wall_omni,fence24_aoa_rssi_gated_kalman,90,120,1,0.5,2385,161,6.75052410901468,9.24809853807166,13.0575652487483,6.19161581260671,28.5913300697978,40.2706680707593,9.3167701863354,21.1180124223602,44.7204968944099,69.5652173913043,1.95052410901467
hybrid_corner_wall_omni,fence24_aoa_rssi,90,120,1,1,2385,1776,74.4654088050314,12.8092297951596,24.533984153993,5.66330180562854,48.6288504013347,164.813829564526,6.70045045045045,18.3558558558559,45.8896396396396,68.5247747747748,1.92494758909853
hybrid_corner_wall_omni,fence24_aoa_rssi_gated_kalman,90,120,1,1,2385,496,20.7966457023061,5.97490180733554,8.16074455231183,4.13820657407622,17.5573878999135,39.8480238710733,5.64516129032258,18.3467741935484,58.6693548387097,83.4677419354839,1.92494758909853
hybrid_corner_wall_omni,fence24_aoa_rssi,90,120,1,2,2385,1798,75.3878406708595,13.1648064893148,22.5193266698685,7.32861180022936,41.803949309841,150.59570647899,3.559510567297,12.1802002224694,35.0389321468298,62.3470522803115,1.93794549266247
hybrid_corner_wall_omni,fence24_aoa_rssi_gated_kalman,90,120,1,2,2385,1352,56.6876310272537,7.6003337643866,10.6224342594505,5.10180771994491,23.9239482685562,47.1291220498874,4.14201183431953,16.7159763313609,49.2603550295858,77.5887573964497,1.93794549266247
hybrid_corner_wall_omni,fence24_aoa_rssi,90,120,1,5,2385,1781,74.6750524109015,15.5291897021114,24.5270725822543,10.1455853703991,47.3376112698952,162.755028886878,1.96518809657496,7.24312184166199,24.2560359348681,49.2419988770354,1.94716981132075
hybrid_corner_wall_omni,fence24_aoa_rssi_gated_kalman,90,120,1,5,2385,1717,71.9916142557652,10.2575998343942,14.5893725029858,7.28287790365206,29.2324997401576,91.7233914204033,2.97029702970297,10.1339545719278,34.4205008736168,64.065230052417,1.94716981132075
hybrid_corner_wall_omni,fence24_aoa_rssi,90,120,2,0.5,2385,1816,76.1425576519916,16.3916538308976,27.3939195904925,8.02564818084191,56.5495843300537,190.456370788824,7.32378854625551,17.0704845814978,37.9955947136564,55.011013215859,2.01593291404612
hybrid_corner_wall_omni,fence24_aoa_rssi_gated_kalman,90,120,2,0.5,2385,305,12.7882599580713,11.4224929831453,19.4916478940685,5.00785771225014,49.1508099185153,79.1349403605526,5.9016393442623,19.016393442623,49.8360655737705,71.8032786885246,2.01593291404612
hybrid_corner_wall_omni,fence24_aoa_rssi,90,120,2,1,2385,1824,76.4779874213836,17.5462734006665,28.1078910742897,9.51572708112647,59.8332054585638,292.453803783194,3.45394736842105,9.92324561403509,30.9758771929825,51.3157894736842,2.03312368972746
hybrid_corner_wall_omni,fence24_aoa_rssi_gated_kalman,90,120,2,1,2385,485,20.335429769392,11.0422552555091,20.9719195362187,6.09818352356802,38.09603266156,292.453803783194,3.50515463917526,12.1649484536082,43.5051546391753,71.1340206185567,2.03312368972746
hybrid_corner_wall_omni,fence24_aoa_rssi,90,120,2,2,2385,1820,76.3102725366876,19.7700399358441,29.9801129927278,12.3244948410157,63.590550373748,185.272200857426,2.25274725274725,6.26373626373626,21.9230769230769,42.5824175824176,2.01593291404612
hybrid_corner_wall_omni,fence24_aoa_rssi_gated_kalman,90,120,2,2,2385,1203,50.440251572327,11.0030004315215,16.7126506968981,7.11656802401914,32.6417155138154,185.272200857426,2.49376558603491,9.39318370739817,35.4945968412303,63.6741479634248,2.01593291404612
hybrid_corner_wall_omni,fence24_aoa_rssi,90,120,2,5,2385,1783,74.7589098532495,21.2639710610701,30.0812980176114,15.4978023562376,62.519982606024,185.333954626036,0.841278743690409,3.81379697139652,14.301738642737,32.3051037577117,1.98993710691824
hybrid_corner_wall_omni,fence24_aoa_rssi_gated_kalman,90,120,2,5,2385,1686,70.6918238993711,13.861371764877,18.2365743854321,10.4956218129059,38.1712768671011,91.9969769838497,1.06761565836299,4.74495848161329,21.4709371293001,47.7461447212337,1.98993710691824
hybrid_corner_wall_omni,fence24_aoa_rssi,90,120,3,0.5,2385,1804,75.6394129979036,24.6779506792453,40.3877609262676,12.8248490874021,85.6781274997909,317.426538331856,5.7649667405765,13.8026607538803,30.709534368071,44.6784922394679,2.09266247379455
hybrid_corner_wall_omni,fence24_aoa_rssi_gated_kalman,90,120,3,0.5,2385,281,11.7819706498952,18.8454561929481,37.6409720742403,5.425337567896,83.5669129744571,311.310735016146,4.27046263345196,14.5907473309609,47.6868327402135,66.1921708185053,2.09266247379455
hybrid_corner_wall_omni,fence24_aoa_rssi,90,120,3,1,2385,1856,77.8197064989518,24.8204698947766,38.0681260879932,14.1089753208341,82.3506110154234,259.285953671641,2.69396551724138,7.38146551724138,21.6594827586207,38.7931034482759,2.12788259958071
hybrid_corner_wall_omni,fence24_aoa_rssi_gated_kalman,90,120,3,1,2385,399,16.7295597484277,16.0074754771466,26.5711729003012,8.7620466074991,62.134466123706,125.863919685953,1.50375939849624,7.26817042606516,31.077694235589,55.1378446115288,2.12788259958071
hybrid_corner_wall_omni,fence24_aoa_rssi,90,120,3,2,2385,1874,78.5744234800839,27.6153299669947,41.1347148673674,17.902556260614,89.804572192897,258.674581048863,1.81430096051227,4.48239060832444,14.4610458911419,30.7363927427962,2.13039832285115
hybrid_corner_wall_omni,fence24_aoa_rssi_gated_kalman,90,120,3,2,2385,988,41.4255765199161,16.8891410799872,25.9454785301912,11.0267244883744,53.7023376924991,227.010751091105,1.82186234817814,5.36437246963563,22.6720647773279,46.2550607287449,2.13039832285115
hybrid_corner_wall_omni,fence24_aoa_rssi,90,120,3,5,2385,1854,77.7358490566038,31.4122628710306,42.977286893441,23.7313424533357,83.3276104403498,270.832704437747,0.485436893203884,1.77993527508091,8.7378640776699,21.5210355987055,2.13333333333333
hybrid_corner_wall_omni,fence24_aoa_rssi_gated_kalman,90,120,3,5,2385,1618,67.8406708595388,22.0486549555926,29.8559934747673,16.1911014515745,64.3634554061443,217.640193000307,0.803461063040791,2.96662546353523,12.6081582200247,31.3967861557478,2.13333333333333
hybrid_corner_wall_omni,fence24_aoa_rssi,90,120,5,0.5,2385,1952,81.8448637316562,47.5109171780826,77.0249977647395,24.7050559402755,169.866310383539,495.335058654733,3.89344262295082,9.88729508196721,22.5922131147541,32.9405737704918,2.42012578616352
hybrid_corner_wall_omni,fence24_aoa_rssi_gated_kalman,90,120,5,0.5,2385,305,12.7882599580713,43.3433516323199,88.6645390265101,9.68043119604865,207.931180506446,495.335058654733,4.91803278688525,8.85245901639344,30.1639344262295,50.4918032786885,2.42012578616352
hybrid_corner_wall_omni,fence24_aoa_rssi,90,120,5,1,2385,1964,82.3480083857442,49.7685539027447,79.1150397622468,25.1706448742586,176.036389536408,569.504357018199,1.37474541751527,4.12423625254582,14.6130346232179,27.8004073319756,2.45534591194969
hybrid_corner_wall_omni,fence24_aoa_rssi_gated_kalman,90,120,5,1,2385,505,21.1740041928721,27.7224140403465,55.3433988086924,9.30074143662418,128.265729794669,370.866014035967,1.18811881188119,7.12871287128713,26.7326732673267,53.8613861386139,2.45534591194969
hybrid_corner_wall_omni,fence24_aoa_rssi,90,120,5,2,2385,1909,80.041928721174,49.7686260663725,73.3168704231181,29.3869049866004,172.191539324389,345.949617487834,0.733368255631221,2.14772132006286,7.59559979046621,19.2247249869041,2.42809224318658
hybrid_corner_wall_omni,fence24_aoa_rssi_gated_kalman,90,120,5,2,2385,701,29.3920335429769,30.0655389339213,51.6207439438759,18.1761806054064,105.025193713291,333.95938343283,0.427960057061341,3.42368045649073,15.2639087018545,29.8145506419401,2.42809224318658
hybrid_corner_wall_omni,fence24_aoa_rssi,90,120,5,5,2385,1939,81.2997903563941,56.4605112316815,80.023952777147,38.787195648266,178.851813602641,560.580011835914,0.206291903042806,1.28932439401753,5.36358947911295,12.3775141825683,2.43605870020964
hybrid_corner_wall_omni,fence24_aoa_rssi_gated_kalman,90,120,5,5,2385,1325,55.5555555555556,38.1763339617838,54.878725297732,27.9709067719077,106.510403111159,336.200843674193,0.452830188679245,1.43396226415094,6.26415094339623,16.9811320754717,2.43605870020964
hybrid_corner_wall_omni,fence24_aoa_rssi,120,120,1,0.5,2385,1840,77.1488469601677,10.7506556814368,22.8251971618502,2.64496668238445,44.0432584258786,166.277879747332,20.2173913043478,41.1413043478261,63.75,72.5,2.27882599580713
hybrid_corner_wall_omni,fence24_aoa_rssi_gated_kalman,120,120,1,0.5,2385,211,8.84696016771488,6.94669299343421,10.3343706528048,3.19638479785785,22.5541280390415,44.0591371788658,13.7440758293839,27.4881516587678,58.7677725118483,75.8293838862559,2.27882599580713
hybrid_corner_wall_omni,fence24_aoa_rssi,120,120,1,1,2385,1852,77.6519916142558,11.7276284552659,23.2590116119199,4.3946940406804,47.2245184934317,180.254644174321,10.4211663066955,25.3239740820734,54.7516198704104,70.0323974082073,2.28092243186583
hybrid_corner_wall_omni,fence24_aoa_rssi_gated_kalman,120,120,1,1,2385,512,21.4675052410901,5.63595723761981,8.39925990230382,3.14135787937533,20.2495354413107,39.5257725531443,10.7421875,29.4921875,66.2109375,83.7890625,2.28092243186583
hybrid_corner_wall_omni,fence24_aoa_rssi,120,120,1,2,2385,1838,77.0649895178197,11.8613930364096,20.8688471909451,5.98303880686071,40.5238387191923,166.713911730268,4.89662676822633,14.4722524483134,42.9270946681175,67.0293797606094,2.27002096436059
hybrid_corner_wall_omni,fence24_aoa_rssi_gated_kalman,120,120,1,2,2385,1421,59.58071278826,6.26727590444368,9.11689425748697,3.99137753890591,21.0591720717546,47.6943338914481,6.05207600281492,20.7600281491907,61.1541168191414,83.0401125967628,2.27002096436059
hybrid_corner_wall_omni,fence24_aoa_rssi,120,120,1,5,2385,1828,76.6457023060797,14.0361570537733,22.2841594946002,9.08062134597677,41.4307263824191,159.358636430521,2.68052516411379,7.11159737417943,28.5557986870897,53.4463894967177,2.27505241090147
hybrid_corner_wall_omni,fence24_aoa_rssi_gated_kalman,120,120,1,5,2385,1789,75.0104821802935,9.86583763807332,14.3006646892717,6.65772386241517,28.4809219740718,82.9605425464419,2.62716601453326,9.89379541643376,37.1716042481833,67.1324762437116,2.27505241090147
hybrid_corner_wall_omni,fence24_aoa_rssi,120,120,2,0.5,2385,1847,77.4423480083857,14.0276910311901,26.0488404173694,3.56134031198622,56.9466188982545,176.77829270636,17.2712506767731,34.325933946941,56.6323768272875,65.4033567948024,2.32662473794549
hybrid_corner_wall_omni,fence24_aoa_rssi_gated_kalman,120,120,2,0.5,2385,279,11.6981132075472,8.51926145355619,16.0534130179628,2.82964671894475,37.6147792805386,75.0062863091626,18.6379928315412,37.9928315412186,66.6666666666667,76.3440860215054,2.32662473794549
hybrid_corner_wall_omni,fence24_aoa_rssi,120,120,2,1,2385,1886,79.0775681341719,15.8205752553592,27.029512310118,6.62075153358155,55.5496024406856,173.42950412112,6.57476139978791,18.186638388123,43.3191940615058,59.915164369035,2.36142557651992
hybrid_corner_wall_omni,fence24_aoa_rssi_gated_kalman,120,120,2,1,2385,612,25.6603773584906,9.14989429526347,15.3229697009514,4.3436013149819,35.8635113186314,82.764684551218,7.51633986928105,18.9542483660131,53.7581699346405,75.8169934640523,2.36142557651992
hybrid_corner_wall_omni,fence24_aoa_rssi,120,120,2,2,2385,1859,77.9454926624738,17.7554492127911,28.4484830173928,9.38793065718387,60.261429235137,183.963800379477,3.06616460462614,9.89779451317913,29.3706293706294,51.9096288327058,2.34339622641509
hybrid_corner_wall_omni,fence24_aoa_rssi_gated_kalman,120,120,2,2,2385,1188,49.811320754717,9.98647095823706,15.6046109345732,6.02700014062839,32.0837577563902,167.872397292663,4.04040404040404,12.7946127946128,43.6026936026936,67.9292929292929,2.34339622641509
hybrid_corner_wall_omni,fence24_aoa_rssi,120,120,2,5,2385,1862,78.0712788259958,20.6266349350304,29.4266776428169,14.7654482977164,58.1288785776369,215.489359313217,1.18152524167562,4.83351235230935,16.8635875402793,36.0902255639098,2.34171907756813
hybrid_corner_wall_omni,fence24_aoa_rssi_gated_kalman,120,120,2,5,2385,1775,74.4234800838574,13.629239123213,18.3839244231848,9.74514677378854,39.2545976363779,84.1849776553643,1.52112676056338,5.29577464788732,23.2676056338028,50.8732394366197,2.34171907756813
hybrid_corner_wall_omni,fence24_aoa_rssi,120,120,3,0.5,2385,1868,78.3228511530398,20.3922934721656,38.6955357020359,4.59245915037577,84.5486548477068,283.657262985363,16.8094218415418,31.745182012848,51.6595289079229,60.4389721627409,2.42431865828092
hybrid_corner_wall_omni,fence24_aoa_rssi_gated_kalman,120,120,3,0.5,2385,352,14.7589098532495,13.4622455043001,34.010962871154,3.66868650378871,69.2565682764114,240.319344449184,12.5,29.8295454545455,62.2159090909091,80.6818181818182,2.42431865828092
hybrid_corner_wall_omni,fence24_aoa_rssi,120,120,3,1,2385,1908,80,22.8546206556353,39.3638005215405,8.56447896063498,88.4757617516771,271.882360900095,5.29350104821803,16.2997903563941,36.6352201257862,53.6687631027254,2.4356394129979
hybrid_corner_wall_omni,fence24_aoa_rssi_gated_kalman,120,120,3,1,2385,409,17.1488469601677,16.3062740883314,35.295793634043,5.20244790831206,71.544689858597,271.882360900095,5.37897310513447,20.5378973105134,47.4327628361858,70.9046454767726,2.4356394129979
hybrid_corner_wall_omni,fence24_aoa_rssi,120,120,3,2,2385,1907,79.958071278826,23.5037656731372,37.851973471933,12.0856950654687,82.4890528608272,326.314971317685,2.25485055060304,7.18405873099109,25.2228631358154,43.4714210802307,2.43312368972746
hybrid_corner_wall_omni,fence24_aoa_rssi_gated_kalman,120,120,3,2,2385,1052,44.1090146750524,14.4456742936139,26.1461258490732,7.37012924692021,49.8304332147269,326.314971317685,2.66159695817491,9.98098859315589,35.9315589353612,59.3155893536122,2.43312368972746
hybrid_corner_wall_omni,fence24_aoa_rssi,120,120,3,5,2385,1904,79.832285115304,29.2962540121039,42.5950178134816,19.7673545072512,87.3765190980215,326.882649288752,0.630252100840336,2.94117647058824,11.5021008403361,26.313025210084,2.45953878406709
hybrid_corner_wall_omni,fence24_aoa_rssi_gated_kalman,120,120,3,5,2385,1713,71.8238993710692,20.0433650342054,29.2053329464737,13.3606310386836,57.4393806597208,209.414246922893,1.22591943957968,3.96964389959136,17.1044950379451,38.4705195563339,2.45953878406709
hybrid_corner_wall_omni,fence24_aoa_rssi,120,120,5,0.5,2385,2011,84.3186582809224,38.8976681653319,71.7219896892355,8.76561740561504,162.974601692119,483.359063361694,11.2879164594729,23.9681750372949,42.3669816011934,51.6658378915962,2.73207547169811
hybrid_corner_wall_omni,fence24_aoa_rssi_gated_kalman,120,120,5,0.5,2385,374,15.6813417190776,20.4020754643734,52.6429493694179,3.77152447086684,125.296783612202,339.989740568599,9.89304812834225,28.0748663101604,57.7540106951872,77.0053475935829,2.73207547169811
hybrid_corner_wall_omni,fence24_aoa_rssi,120,120,5,1,2385,1991,83.4800838574424,41.2417698311642,73.8667416441839,13.8804415045959,169.238479264609,515.72201063186,4.92214967353089,12.7574083375188,29.7338021094927,44.0984429934706,2.71656184486373
hybrid_corner_wall_omni,fence24_aoa_rssi_gated_kalman,120,120,5,1,2385,590,24.7379454926625,23.6108000413476,61.6535160512791,6.39177669819675,120.771974288651,515.72201063186,4.23728813559322,14.2372881355932,43.0508474576271,64.406779661017,2.71656184486373
hybrid_corner_wall_omni,fence24_aoa_rssi,120,120,5,2,2385,2020,84.6960167714885,44.2045925071927,72.5719831602179,20.254131930677,169.148127470913,424.511692661727,1.83168316831683,4.9009900990099,16.980198019802,32.5247524752475,2.74088050314465
hybrid_corner_wall_omni,fence24_aoa_rssi_gated_kalman,120,120,5,2,2385,913,38.2809224318658,22.8212673728901,43.8580638731894,10.4804558550532,89.4949208387879,325.944676115878,1.31434830230011,7.00985761226725,27.710843373494,48.1927710843374,2.74088050314465
hybrid_corner_wall_omni,fence24_aoa_rssi,120,120,5,5,2385,2000,83.8574423480084,53.0008576034695,79.3343808786464,32.4353746481095,175.92132752105,522.305829206137,0.7,1.65,6.65,17.2,2.72033542976939
hybrid_corner_wall_omni,fence24_aoa_rssi_gated_kalman,120,120,5,5,2385,1181,49.517819706499,36.4419964324674,57.7696921693942,21.8167649014424,117.073436511922,459.365036278208,0.762066045723963,2.11685012701101,10.1608806096528,25.571549534293,2.72033542976939
