method,rssi_noise_db,aoa_noise_deg,total_cases,localised_cases,success_rate_pct,mean_error_m,rmse_error_m,median_error_m,p95_error_m,max_error_m,pct_below_1m,pct_below_2m,pct_below_5m,pct_below_10m,mean_sensor_count
hybrid_aoa_rssi,1,0.5,8000,3836,47.95,2.03798302847368,3.18614687931504,1.24859328545539,6.63187004130224,33.9246087956477,39.6246089676747,68.5349322210636,91.8925964546403,97.7320125130344,1.900625
hybrid_aoa_rssi_kalman,1,0.5,8000,5142,64.275,4.42196578708421,14.414801428215,2.04094911919379,11.2242975671493,242.558416430999,27.3239984441851,49.3971217425126,81.5052508751459,93.854531310774,1.900625
hybrid_aoa_rssi,1,1,8000,3881,48.5125,4.13391737283725,6.29709145004384,2.56071809061765,14.4135921817175,38.2627243245718,17.108992527699,39.2424632826591,76.3205359443442,90.7240401958258,1.89925
hybrid_aoa_rssi_kalman,1,1,8000,5114,63.925,5.15527819550381,7.99019899090443,3.44632326786854,15.0936291535018,91.6214975115923,13.4728197105984,30.9346890887759,65.2326945639421,87.1724677356277,1.89925
hybrid_aoa_rssi,1,2,8000,3811,47.6375,6.84403136157863,9.45230425503999,4.6587397129338,20.5790464429014,45.7377828198019,7.55707163474154,19.994752033587,53.1356599317764,78.8769351876148,1.892125
hybrid_aoa_rssi_kalman,1,2,8000,5179,64.7375,10.1478326048021,21.6818743847652,6.26644445752275,24.2514182735084,243.548019020422,6.00502027418421,16.7599922765013,42.2861556284997,69.6659586792817,1.892125
hybrid_aoa_rssi,1,5,8000,3849,48.1125,12.4200186261013,15.6392142033923,9.69486347872446,31.0637145114047,55.7004801222674,2.26032735775526,6.65107820213042,25.980774227072,51.260067550013,1.895375
hybrid_aoa_rssi_kalman,1,5,8000,5100,63.75,13.7214023025104,18.3910685441209,11.9333674594216,30.7105890124869,206.186426408389,1.66666666666667,6.25490196078431,23.4313725490196,43.2549019607843,1.895375
hybrid_aoa_rssi,2,0.5,8000,4771,59.6375,1.84244671280707,2.80611399577932,1.28355535260011,5.21448058230596,39.1760014429222,38.6292181932509,71.0752462796059,94.529448752882,98.7843219450849,2.423875
hybrid_aoa_rssi_kalman,2,0.5,8000,5592,69.9,6.4272863422639,20.7294048204332,1.72559333758648,22.706598519451,221.900700703187,30.829756795422,55.4721030042918,81.5629470672389,92.0958512160229,2.423875
hybrid_aoa_rssi,2,1,8000,4752,59.4,3.85851853508199,5.98140376746758,2.63233804747289,11.1923912508023,63.9786556931463,14.8989898989899,37.5,78.0934343434343,93.9393939393939,2.4095
hybrid_aoa_rssi_kalman,2,1,8000,5507,68.8375,6.6225102300155,17.5560103113952,2.96118729618543,18.7207157636663,194.012071121161,13.7461412747412,34.319956419103,71.0731795896132,89.5224260032686,2.4095
hybrid_aoa_rssi,2,2,8000,4766,59.575,7.26686017241594,10.126674572362,5.18527725488044,20.2528000110937,61.7799192861612,5.41334452370961,15.6945027276542,48.67813680235,78.0318925723877,2.41075
hybrid_aoa_rssi_kalman,2,2,8000,5583,69.7875,10.2938344645135,22.4532101309081,5.43407965230087,32.1960783691653,235.587474277029,5.15851692638366,15.260612573885,46.426652337453,76.231416801003,2.41075
hybrid_aoa_rssi,2,5,8000,4772,59.65,16.5646881490414,21.0241191513087,13.2241823356365,42.3037487958626,102.020211362467,1.0268231349539,4.00251466890193,16.4920368818106,38.2858340318525,2.4215
hybrid_aoa_rssi_kalman,2,5,8000,5536,69.2,16.8244978539532,23.6356004238422,13.1556731091905,41.974534808583,161.466448618625,1.13800578034682,3.95592485549133,16.9075144508671,37.9696531791908,2.4215
hybrid_aoa_rssi,3,0.5,8000,5244,65.55,1.9540623484386,3.88416785564547,1.31200002783665,5.07892278318031,124.749926608538,37.4713958810069,70.8237986270023,94.8131197559115,98.4363081617086,2.937875
hybrid_aoa_rssi_kalman,3,0.5,8000,5832,72.9,4.07943088766268,10.4062349359547,1.61112608445438,12.602886728912,118.107698675467,32.8189300411523,57.2359396433471,81.8758573388203,93.7928669410151,2.937875
hybrid_aoa_rssi,3,1,8000,5222,65.275,3.78966673093813,6.55177757645778,2.63197955872115,10.0716985832807,135.430887256487,14.4772117962466,36.8824205285331,80.1417081577939,94.8295672156262,2.9465
hybrid_aoa_rssi_kalman,3,1,8000,5800,72.5,5.46388471701129,12.3227679574271,2.72160616535177,15.8989858442982,144.032401778389,14.3275862068966,37.1724137931034,73.3793103448276,90.7413793103448,2.9465
hybrid_aoa_rssi,3,2,8000,5229,65.3625,7.43339706416854,11.0516771967944,5.34515373236809,20.0561343682502,121.566224256322,4.99139414802065,14.5343277873398,46.758462421113,78.9061005928476,2.9565
hybrid_aoa_rssi_kalman,3,2,8000,5780,72.25,7.77878808650504,12.8486198968056,4.97664376540073,22.8909163531823,119.511486207725,4.80968858131488,15.4152249134948,50.1903114186851,79.3944636678201,2.9565
hybrid_aoa_rssi,3,5,8000,5213,65.1625,17.8811957031291,23.5083986982838,13.9062573424165,45.9401719103761,130.595757008632,0.824860924611548,2.78150776903894,13.926721657395,35.7951275657011,2.924875
hybrid_aoa_rssi_kalman,3,5,8000,5817,72.7125,16.3117821035898,22.7285902641572,12.3827047242134,44.9707577758718,190.451695396938,0.85954959601169,3.14595152140279,16.7268351383875,40.4504039883101,2.924875
hybrid_aoa_rssi,5,0.5,8000,5690,71.125,2.79616221865989,11.0986478161563,1.30068196884425,5.9908772509875,312.293327975707,37.5043936731107,72.2847100175747,93.5149384885764,96.9244288224956,3.876125
hybrid_aoa_rssi_kalman,5,0.5,8000,6393,79.9125,7.81716560868226,25.9163990924575,1.59924941497481,32.1651436542474,312.293327975707,32.1445330830596,57.0467699045831,77.8194900672611,88.1902080400438,3.876125
hybrid_aoa_rssi,5,1,8000,5676,70.95,5.2237203871696,15.8921803582351,2.63243218501272,12.3290706999354,346.727037052918,13.5482734319944,36.7512332628612,79.7568710359408,93.2346723044397,3.852625
hybrid_aoa_rssi_kalman,5,1,8000,6294,78.675,10.2725738423078,31.9496054641297,2.79129724138904,43.6139822112369,373.65773102832,12.2656498252304,34.7791547505561,71.178900540197,85.6371147124245,3.852625
hybrid_aoa_rssi,5,2,8000,5720,71.5,9.80552745995231,21.4065570887,5.48662223039305,27.8612874515067,334.683758121184,3.8986013986014,12.9545454545455,45.541958041958,77.8146853146853,3.8625
hybrid_aoa_rssi_kalman,5,2,8000,6349,79.3625,14.6447822382679,34.0532352618884,5.20477322782007,78.8030203360565,334.683758121184,3.82737438966766,13.4194361316743,48.1965663884076,75.129941723106,3.8625
hybrid_aoa_rssi,5,5,8000,5702,71.275,22.5023965615225,34.8143546735471,15.2546359331501,67.8075951747128,528.367226308664,0.754121360925991,2.54296737986671,11.8905647141354,31.4100315678709,3.84875
hybrid_aoa_rssi_kalman,5,5,8000,6257,78.2125,24.0304431465932,43.9149931078622,13.2574194163675,90.2469229566493,442.673420490096,0.655266101965798,2.7968675083906,13.4888924404667,36.4072239092217,3.84875
