sensor_profile,noise_sigma_db,method,random_seed,total_cases,localised_cases,success_rate_pct,mean_localisation_error_m,rmse_localisation_error_m,median_localisation_error_m,p95_localisation_error_m,max_localisation_error_m,mean_noisy_sensor_count,mean_used_sensor_count
uniform,1,all_sensor_wls,0,1480,1353,91.4189189189189,7.78715359612981,10.8565426322604,5.83323843554411,20.0277782788394,101.6549585236,3.16756756756757,3.25868440502587
uniform,1,all_sensor_wls,1,320,296,92.5,6.27155583731767,8.42071183225582,5.31817145142222,13.4377750495994,74.5765104313548,3.175,3.24662162162162
uniform,1,all_sensor_wls,2,260,225,86.5384615384615,10.2451200706923,13.1906444552971,7.39861963681394,26.1522947433589,46.9626179319846,3.21538461538462,3.32444444444444
uniform,1,all_sensor_wls,3,300,291,97,7.24479575201023,10.6827899464123,5.57712097413777,15.913023460034,101.6549585236,3.10333333333333,3.13745704467354
uniform,1,all_sensor_wls,4,300,264,88,8.66301189845945,12.6765010801313,6.52166348236718,22.0404187567989,75.127480562328,3.28,3.43560606060606
uniform,1,all_sensor_wls,5,300,277,92.3333333333333,7.14518255156522,9.24998360671548,5.4705405177915,19.3116133726062,47.0009737353594,3.07,3.17689530685921
uniform,1,kalman_wls,0,1480,1450,97.972972972973,6.82562847548943,9.270875626288,5.09359330388673,18.055541010446,72.7318876722707,3.16756756756757,3.25868440502587
uniform,1,kalman_wls,1,320,311,97.1875,5.03690203289163,6.63161601434377,4.13758792091293,10.0235249442231,39.5277643769906,3.175,3.24662162162162
uniform,1,kalman_wls,2,260,252,96.9230769230769,9.2295993460299,11.4560910053148,7.25516608164997,23.093290085308,31.667451241209,3.21538461538462,3.32444444444444
uniform,1,kalman_wls,3,300,296,98.6666666666667,6.08054496816989,8.54751554294857,4.54808305818099,14.3486750183643,52.8571144406672,3.10333333333333,3.13745704467354
uniform,1,kalman_wls,4,300,297,99,7.91780347772594,11.3743388750401,5.54101262561132,20.1478312024234,72.7318876722707,3.28,3.43560606060606
uniform,1,kalman_wls,5,300,294,98,6.30407067540118,7.78662732160622,5.26939951166106,14.9833953759184,30.6440358751137,3.07,3.17689530685921
uniform,2,all_sensor_wls,0,1480,1220,82.4324324324324,17.0071233744123,24.0862519225179,12.4147964884908,48.6774740532131,142.009455369743,3.14256756756757,3.35573770491803
uniform,2,all_sensor_wls,1,320,284,88.75,14.6017206188437,19.9183191523708,11.4848670626909,39.1977516886815,95.6837534775918,3.25,3.38028169014085
uniform,2,all_sensor_wls,2,260,178,68.4615384615385,19.9569387495007,26.3233539508288,14.9093393539142,49.505762889987,131.882063204909,2.99615384615385,3.31460674157303
uniform,2,all_sensor_wls,3,300,277,92.3333333333333,14.9543223230008,22.1317898190227,11.0063793531181,34.3282025657789,140.884023315727,3.18666666666667,3.28158844765343
uniform,2,all_sensor_wls,4,300,219,73,20.1540387676722,27.0510133759022,14.8124830206155,64.8711032977832,106.654611089813,3.11333333333333,3.47488584474886
uniform,2,all_sensor_wls,5,300,262,87.3333333333333,17.1503243894231,25.9059141272688,11.7034626549417,47.1600901364025,142.009455369743,3.14,3.33587786259542
uniform,2,kalman_wls,0,1480,1418,95.8108108108108,15.9238499831164,22.0482281548545,12.0536844666966,40.0354832649058,142.009455369743,3.14256756756757,3.35573770491803
uniform,2,kalman_wls,1,320,309,96.5625,14.6328433357806,20.5505888947022,11.2254742923185,43.2240232746994,95.6837534775918,3.25,3.38028169014085
uniform,2,kalman_wls,2,260,245,94.2307692307692,18.9973126745291,23.5780340363988,16.0916650916383,41.6171679087012,131.882063204909,2.99615384615385,3.31460674157303
uniform,2,kalman_wls,3,300,289,96.3333333333333,14.2774815944867,21.6321422745979,10.0992628434952,35.9405023880156,140.884023315727,3.18666666666667,3.28158844765343
uniform,2,kalman_wls,4,300,285,95,16.1868202758697,21.0136222132927,12.8394939475361,36.1847948477767,106.654611089813,3.11333333333333,3.47488584474886
uniform,2,kalman_wls,5,300,290,96.6666666666667,16.0851486917713,23.6014723896457,11.2796936741905,40.0965171717929,142.009455369743,3.14,3.33587786259542
uniform,3,all_sensor_wls,0,1480,1167,78.8513513513514,30.5822556408481,119.426195920294,19.7007569384354,79.3680671262044,3887.58757730623,3.22702702702703,3.51842330762639
uniform,3,all_sensor_wls,1,320,272,85,25.8058015933114,35.5925825450504,16.8858568162614,73.1117680028804,174.423010676803,3.321875,3.55514705882353
uniform,3,all_sensor_wls,2,260,180,69.2307692307692,31.6700388953302,39.89712320892,25.4106702101687,84.667460536422,126.863453254101,3.08461538461538,3.41111111111111
uniform,3,all_sensor_wls,3,300,262,87.3333333333333,39.2983722043223,242.394421388603,17.7156045228735,73.9750110101198,3887.58757730623,3.33,3.52671755725191
uniform,3,all_sensor_wls,4,300,202,67.3333333333333,30.1014762185898,39.9057865621621,21.2753439209131,89.200338500882,149.272835973148,3.09666666666667,3.54950495049505
uniform,3,all_sensor_wls,5,300,251,83.6666666666667,26.2670740423985,34.4490254768902,20.3453902308455,70.314594546612,133.746688582326,3.27666666666667,3.52191235059761
uniform,3,kalman_wls,0,1480,1413,95.472972972973,26.4838110178803,67.1180428568328,17.6852226769853,64.5429738916814,1567.5440353938,3.22702702702703,3.51842330762639
uniform,3,kalman_wls,1,320,305,95.3125,20.2763984322506,26.9177265095767,15.2670716422341,50.4855034563923,125.771819167648,3.321875,3.55514705882353
uniform,3,kalman_wls,2,260,248,95.3846153846154,27.256151111682,34.5481806020102,22.3098143113207,71.2718117626843,126.863453254101,3.08461538461538,3.41111111111111
uniform,3,kalman_wls,3,300,292,97.3333333333333,37.9853553721984,134.907145301663,15.7284866682438,84.5980740891491,1567.5440353938,3.33,3.52671755725191
uniform,3,kalman_wls,4,300,287,95.6666666666667,26.5992726248427,33.7871332466582,21.4141802177714,71.3190200456803,126.376584460253,3.09666666666667,3.54950495049505
uniform,3,kalman_wls,5,300,281,93.6666666666667,20.4700461164394,27.0964763071969,15.1722134162336,57.0915899698308,112.309770446937,3.27666666666667,3.52191235059761
uniform,5,all_sensor_wls,0,1480,1141,77.0945945945946,103.160748633054,1207.97882323875,39.7469464508027,236.233180912842,40648.6941762941,3.50810810810811,3.91323400525855
uniform,5,all_sensor_wls,1,320,269,84.0625,208.687626794823,2480.00505108497,34.6006030973156,186.480977249598,40648.6941762941,3.675,3.96282527881041
uniform,5,all_sensor_wls,2,260,177,68.0769230769231,82.8345758047132,117.448389251493,57.253712843873,250.593778482529,663.84313319897,3.29615384615385,3.77401129943503
uniform,5,all_sensor_wls,3,300,230,76.6666666666667,66.3235122940479,114.169204036486,34.1790863975856,258.268771390146,658.907273554485,3.48333333333333,3.88695652173913
uniform,5,all_sensor_wls,4,300,226,75.3333333333333,69.1064120042896,98.2184163780116,46.7017483865719,193.697185041765,472.138682576053,3.52666666666667,4.02654867256637
uniform,5,all_sensor_wls,5,300,239,79.6666666666667,67.0931620270806,109.731485298053,36.2161517836218,242.813120747264,641.897785969477,3.52,3.87866108786611
uniform,5,kalman_wls,0,1480,1393,94.1216216216216,70.4344109185202,433.358613532495,41.2088678191793,159.57832263322,15862.1867910422,3.50810810810811,3.91323400525855
uniform,5,kalman_wls,1,320,308,96.25,104.216148325788,907.190254915924,35.4657069069726,170.145144355089,15862.1867910422,3.675,3.96282527881041
uniform,5,kalman_wls,2,260,234,90,74.411682071657,94.7830272885585,56.4914462163824,159.223063489648,383.40641000668,3.29615384615385,3.77401129943503
uniform,5,kalman_wls,3,300,276,92,62.5909802311117,99.9654055565747,40.2679160392328,189.882142536232,612.480766903965,3.48333333333333,3.88695652173913
uniform,5,kalman_wls,4,300,290,96.6666666666667,50.1410932403981,65.1704480652988,37.3082262871174,122.415652644008,320.698904216579,3.52666666666667,4.02654867256637
uniform,5,kalman_wls,5,300,285,95,58.9059632873188,84.4128322246127,41.9223085700756,158.848736497833,447.060385006038,3.52,3.87866108786611
uniform,7,all_sensor_wls,0,1480,1226,82.8378378378378,159.738618239098,296.369265647979,102.452420855005,425.636019485442,5179.32705862825,4.13175675675676,4.53915171288744
uniform,7,all_sensor_wls,1,320,267,83.4375,129.433273354892,179.404807996626,92.3716200507113,355.176361398283,886.913725980008,4.25625,4.64419475655431
uniform,7,all_sensor_wls,2,260,198,76.1538461538462,207.950450060831,400.647071270968,129.637985774787,540.820376934881,3776.79832178673,3.79230769230769,4.32828282828283
uniform,7,all_sensor_wls,3,300,262,87.3333333333333,131.534100759367,195.170871253822,88.1940317721204,361.843231604294,1425.32304409343,4.24333333333333,4.54198473282443
uniform,7,all_sensor_wls,4,300,239,79.6666666666667,154.627309531724,204.540256950905,111.361831931551,403.4175102572,644.812782464476,4.07,4.581589958159
uniform,7,all_sensor_wls,5,300,260,86.6666666666667,187.264659562683,426.660272598759,103.119419206744,477.086960848802,5179.32705862825,4.24333333333333,4.55
uniform,7,kalman_wls,0,1480,1432,96.7567567567568,151.477871162723,308.111613501689,105.790606904852,348.211184525206,5179.32705862825,4.13175675675676,4.53915171288744
uniform,7,kalman_wls,1,320,310,96.875,111.283971662795,139.442047818212,89.7626752604921,311.213829098683,427.836112835761,4.25625,4.64419475655431
uniform,7,kalman_wls,2,260,248,95.3846153846154,178.102327973151,237.158977003032,128.909920989381,495.655551306238,1242.78335174766,3.79230769230769,4.32828282828283
uniform,7,kalman_wls,3,300,291,97,117.329084430366,150.926652118356,100.100347398261,299.553916182713,741.895009387181,4.24333333333333,4.54198473282443
uniform,7,kalman_wls,4,300,291,97,126.309583398862,150.1944986851,105.46232616533,283.589253428261,449.317842819559,4.07,4.581589958159
uniform,7,kalman_wls,5,300,292,97.3333333333333,230.650858266801,593.267916066546,115.664227255207,608.613053746827,5179.32705862825,4.24333333333333,4.55
tiered_wall,1,all_sensor_wls,0,11500,11371,98.8782608695652,16.859272569576,20.8858836475876,14.7202060096636,37.1938269364366,142.48523495967,4.07834782608696,4.10386069826752
tiered_wall,1,all_sensor_wls,1,2300,2265,98.4782608695652,16.720079405653,20.9395934046917,14.5847043799612,37.1314840317332,136.211315848824,4.07695652173913,4.11390728476821
tiered_wall,1,all_sensor_wls,2,2260,2244,99.2920353982301,16.4740946386457,20.2472204864155,14.072288324159,36.1177519870903,101.442178169889,4.11681415929204,4.13235294117647
tiered_wall,1,all_sensor_wls,3,2200,2170,98.6363636363636,16.7198169802443,20.6638929646868,14.7975942131545,37.6520098749285,118.464803491404,4.06636363636364,4.09677419354839
tiered_wall,1,all_sensor_wls,4,2400,2373,98.875,17.4942747374221,21.8942269220086,15.0771315859441,38.7198867793741,136.157103833025,4.06375,4.08891698272229
tiered_wall,1,all_sensor_wls,5,2340,2319,99.1025641025641,16.8486517320789,20.5897084576481,14.8997351245304,36.5672973422814,142.48523495967,4.06880341880342,4.08840017248814
tiered_wall,1,kalman_wls,0,11500,11430,99.3913043478261,11.6596302897895,14.7075035101255,10.0399309524748,25.3730628220611,142.48523495967,4.07834782608696,4.10386069826752
tiered_wall,1,kalman_wls,1,2300,2282,99.2173913043478,11.4345704973997,14.4944010641134,9.74053239707414,26.077863982037,101.194313582977,4.07695652173913,4.11390728476821
tiered_wall,1,kalman_wls,2,2260,2249,99.5132743362832,11.5366401598649,14.1255742468766,10.087418197521,25.0259713347916,101.442178169889,4.11681415929204,4.13235294117647
tiered_wall,1,kalman_wls,3,2200,2185,99.3181818181818,11.6782709835419,14.679593340301,10.0883836404106,25.0758839844276,112.649037621337,4.06636363636364,4.09677419354839
tiered_wall,1,kalman_wls,4,2400,2386,99.4166666666667,12.2391899788111,15.6615790604161,10.4471479830103,26.8597691634268,136.157103833025,4.06375,4.08891698272229
tiered_wall,1,kalman_wls,5,2340,2328,99.4871794871795,11.3875649610009,14.4808034552117,9.88044348162305,24.6761953265853,142.48523495967,4.06880341880342,4.08840017248814
tiered_wall,2,all_sensor_wls,0,11500,11286,98.1391304347826,35.5928956507719,62.8987464237652,29.5972814541524,85.2773037183132,4805.02864068347,3.98860869565217,4.0301258195995
tiered_wall,2,all_sensor_wls,1,2300,2236,97.2173913043478,34.7959408352754,43.32048395278,29.2518184373095,83.1382057980147,199.586879926484,3.9904347826087,4.05456171735242
tiered_wall,2,all_sensor_wls,2,2260,2236,98.9380530973451,34.5800109849198,42.8395671732551,28.8465101435376,86.4595057262577,187.290105087709,4.01106194690265,4.03443649373882
tiered_wall,2,all_sensor_wls,3,2200,2156,98,37.0274359154786,112.337576396991,29.6493029780566,85.6460831552489,4805.02864068347,3.995,4.04081632653061
tiered_wall,2,all_sensor_wls,4,2400,2355,98.125,36.4661637883149,44.9593685442436,30.8476567288602,87.3267668702739,180.727680731681,3.96958333333333,4.00976645435244
tiered_wall,2,all_sensor_wls,5,2340,2303,98.4188034188034,35.1141226614859,43.6206749195776,29.5032857345593,83.3971410163802,197.178950516662,3.97863247863248,4.01302648719062
tiered_wall,2,kalman_wls,0,11500,11417,99.2782608695652,23.1913400885813,39.2359352295291,19.285755646026,51.0749432023117,2096.14051453341,3.98860869565217,4.0301258195995
tiered_wall,2,kalman_wls,1,2300,2275,98.9130434782609,23.122480524642,29.0140305738195,19.4169258131907,51.2667287439426,166.030325726542,3.9904347826087,4.05456171735242
tiered_wall,2,kalman_wls,2,2260,2251,99.6017699115044,22.0756452037665,27.1954729190805,18.7389256595581,49.4504977156508,144.243204581577,4.01106194690265,4.03443649373882
tiered_wall,2,kalman_wls,3,2200,2183,99.2272727272727,25.3558537573986,69.0162703060261,18.5127432436358,54.6232485229337,2096.14051453341,3.995,4.04081632653061
tiered_wall,2,kalman_wls,4,2400,2386,99.4166666666667,23.2601843555607,28.3885848402509,20.3542227836932,52.4643838086344,180.727680731681,3.96958333333333,4.00976645435244
tiered_wall,2,kalman_wls,5,2340,2322,99.2307692307692,22.2347031090978,26.8579715389554,19.4124963759367,48.3679932781624,170.387792327,3.97863247863248,4.01302648719062
tiered_wall,3,all_sensor_wls,0,11500,11135,96.8260869565217,56.9083539634648,185.315508472002,46.2541164977033,130.778449186227,18205.2915575934,4.00426086956522,4.07444993264481
tiered_wall,3,all_sensor_wls,1,2300,2215,96.304347826087,54.8750319603889,67.8977788337855,45.9838157412217,134.793353025217,467.690379261977,4.0404347826087,4.12686230248307
tiered_wall,3,all_sensor_wls,2,2260,2199,97.3008849557522,61.536264822117,393.581326173751,44.5306622640429,125.47389606891,18205.2915575934,3.97522123893805,4.03319690768531
tiered_wall,3,all_sensor_wls,3,2200,2137,97.1363636363636,54.5564483721497,66.7373209347134,46.4176911866468,127.574693745847,272.541106122388,4.00954545454545,4.07253158633598
tiered_wall,3,all_sensor_wls,4,2400,2315,96.4583333333333,56.9336888312064,69.119101171187,47.5400391100257,133.535000155807,302.664096449143,4.01208333333333,4.0902807775378
tiered_wall,3,all_sensor_wls,5,2340,2269,96.965811965812,56.5973818561291,69.5271088651497,47.2232839284445,134.595444220204,436.016233692517,3.98376068376068,4.04892022917585
tiered_wall,3,kalman_wls,0,11500,11431,99.4,37.7207586784981,106.04135358379,30.9025407186218,78.887135955641,7150.84022220119,4.00426086956522,4.07444993264481
tiered_wall,3,kalman_wls,1,2300,2278,99.0434782608696,36.0313680866815,46.6100809160878,30.1461899767348,83.4256017653607,467.690379261977,4.0404347826087,4.12686230248307
tiered_wall,3,kalman_wls,2,2260,2250,99.5575221238938,45.248490235662,221.875289998136,29.6194813443637,78.8143050138007,7150.84022220119,3.97522123893805,4.03319690768531
tiered_wall,3,kalman_wls,3,2200,2192,99.6363636363636,34.1290592879821,41.5741200341751,29.8561615372254,76.6827574499383,186.097197823283,4.00954545454545,4.07253158633598
tiered_wall,3,kalman_wls,4,2400,2381,99.2083333333333,37.3684517962124,44.6667040183827,32.6659923963134,80.2130545528886,174.39349993716,4.01208333333333,4.0902807775378
tiered_wall,3,kalman_wls,5,2340,2330,99.5726495726496,35.8421679125208,42.8917698315924,31.3189495763485,77.5357339106915,179.546843105906,3.98376068376068,4.04892022917585
tiered_wall,5,all_sensor_wls,0,11500,10855,94.3913043478261,122.116461002727,673.080853795535,95.0075437763484,234.593088443488,48123.8970141469,4.45886956521739,4.61308152924919
tiered_wall,5,all_sensor_wls,1,2300,2175,94.5652173913043,117.512138723248,465.078021287764,92.7701161879331,239.813655548651,20734.6410344248,4.50130434782609,4.65425287356322
tiered_wall,5,all_sensor_wls,2,2260,2129,94.2035398230089,141.169743273501,903.308799946996,94.2921206941568,241.633250060335,30967.1141333353,4.40088495575221,4.55847815875998
tiered_wall,5,all_sensor_wls,3,2200,2073,94.2272727272727,104.0181123816,125.87571524475,92.3859651160092,229.558577637914,763.447351549705,4.50318181818182,4.66473709599614
tiered_wall,5,all_sensor_wls,4,2400,2277,94.875,136.674691418971,1074.17895063478,96.8868197022286,230.641957538267,48123.8970141469,4.45875,4.59727711901625
tiered_wall,5,all_sensor_wls,5,2340,2201,94.0598290598291,110.221299274964,150.569090864038,98.3553366284056,237.279924825696,2912.82452325567,4.43162393162393,4.59291231258519
tiered_wall,5,kalman_wls,0,11500,11433,99.4173913043478,88.0872429707976,414.336721307069,59.9709500185993,150.644970200182,20021.0531199328,4.45886956521739,4.61308152924919
tiered_wall,5,kalman_wls,1,2300,2287,99.4347826086957,81.8910356601562,262.250750447442,59.9025142074449,158.514188360131,8234.41643588449,4.50130434782609,4.65425287356322
tiered_wall,5,kalman_wls,2,2260,2243,99.2477876106195,120.122157439741,616.365205165752,61.9238666058206,167.726097594798,15815.2340188619,4.40088495575221,4.55847815875998
tiered_wall,5,kalman_wls,3,2200,2188,99.4545454545455,63.8892215246484,74.8134712350229,57.2731465612784,137.18052822536,311.406894014993,4.50318181818182,4.66473709599614
tiered_wall,5,kalman_wls,4,2400,2388,99.5,104.39226042008,621.706367047708,60.3748001997255,148.311124813215,20021.0531199328,4.45875,4.59727711901625
tiered_wall,5,kalman_wls,5,2340,2327,99.4444444444444,69.3185718151831,88.1634758712314,60.1622124260046,142.571059414821,1015.22314062544,4.43162393162393,4.59291231258519
tiered_wall,7,all_sensor_wls,0,11500,11087,96.4086956521739,185.850611758643,1072.21377205203,136.81773116435,344.576173878247,54961.8157555082,5.34113043478261,5.47046090015333
tiered_wall,7,all_sensor_wls,1,2300,2223,96.6521739130435,157.029229975117,209.798371680291,135.702856435792,345.461428905513,3958.58029614737,5.39173913043478,5.51282051282051
tiered_wall,7,all_sensor_wls,2,2260,2192,96.9911504424779,194.892769459911,1246.6186598031,139.780170295407,347.825863984953,54961.8157555082,5.30884955752212,5.41514598540146
tiered_wall,7,all_sensor_wls,3,2200,2112,96,168.756186135339,721.171926002518,136.58571501914,329.303838075118,32046.0722176702,5.29045454545455,5.43465909090909
tiered_wall,7,all_sensor_wls,4,2400,2307,96.125,183.228809728759,945.674658067638,135.277787384536,347.545691708395,37485.3389526967,5.33,5.46814044213264
tiered_wall,7,all_sensor_wls,5,2340,2253,96.2820512820513,224.200121844288,1642.77112724783,136.455726298826,342.595551885716,52280.0014258567,5.38162393162393,5.51841988459831
tiered_wall,7,kalman_wls,0,11500,11479,99.8173913043478,139.337946197987,604.986288718844,91.9216313627247,234.683043649811,21718.2073044783,5.34113043478261,5.47046090015333
tiered_wall,7,kalman_wls,1,2300,2296,99.8260869565217,104.189285499217,129.677854498894,89.797947985737,221.291820194341,1591.12152153058,5.39173913043478,5.51282051282051
tiered_wall,7,kalman_wls,2,2260,2256,99.8230088495575,149.572361307881,697.629618028214,96.5467345575214,242.21460960645,21599.0774998563,5.30884955752212,5.41514598540146
tiered_wall,7,kalman_wls,3,2200,2194,99.7272727272727,120.178373228931,404.437129944537,90.2491965745804,222.693892458536,12617.6177448405,5.29045454545455,5.43465909090909
tiered_wall,7,kalman_wls,4,2400,2397,99.875,135.396956483237,528.691073741863,92.2691805210253,230.844658146369,14835.3517957197,5.33,5.46814044213264
tiered_wall,7,kalman_wls,5,2340,2336,99.8290598290598,186.039632806217,933.574483431406,90.8873886960803,266.674024780587,21718.2073044783,5.38162393162393,5.51841988459831
