noise_sigma_db,method,random_seed,total_cases,localised_cases,success_rate_pct,mean_localisation_error_m,rmse_localisation_error_m,median_localisation_error_m,p95_localisation_error_m,max_localisation_error_m,mean_rejected_sensor_count
1,top3_trilateration,0,7400,6682,90.2972972972973,13.6449265639827,17.305000999725,10.8666919711359,34.2348760420015,143.780929993832,0
1,top3_trilateration,1,1600,1486,92.875,12.6328452546071,16.9681868863207,9.29968273848449,33.608118260986,143.780929993832,0
1,top3_trilateration,2,1300,1096,84.3076923076923,15.2193880490536,17.7288542417358,13.8393603499578,32.9124589427688,54.6413022120863,0
1,top3_trilateration,3,1500,1428,95.2,11.7864973080439,15.6974921013383,8.66431735913556,32.9398420712466,70.4558228982549,0
1,top3_trilateration,4,1500,1298,86.5333333333333,16.1833046133004,19.633759241704,13.753676642208,37.1226772944387,85.8804301047189,0
1,top3_trilateration,5,1500,1374,91.6,13.0170992769088,16.5522325042074,10.2384202416725,34.6897573824967,84.3464611379463,0
1,all_sensor_wls,0,7400,6682,90.2972972972973,7.60480750864105,10.1802711736121,5.97707567172307,19.2013952411669,96.4493808947383,0
1,all_sensor_wls,1,1600,1486,92.875,6.59916912302268,8.60986278058627,5.58561300245798,14.2196872108224,79.472841354644,0
1,all_sensor_wls,2,1300,1096,84.3076923076923,9.29981476880473,12.1788329622555,6.85690854093273,25.0893979471018,55.7201725892271,0
1,all_sensor_wls,3,1500,1428,95.2,6.79048245926065,8.72594118364988,5.41678489135449,17.2687217485754,46.0963376034988,0
1,all_sensor_wls,4,1500,1298,86.5333333333333,8.81795578281653,12.3605576315257,6.66516302304559,24.3814036809083,96.4493808947383,0
1,all_sensor_wls,5,1500,1374,91.6,7.04064476812062,9.05848078367522,5.72622883334496,15.7452619714042,82.3605492101433,0
1,robust_wls,0,7400,6682,90.2972972972973,7.60480750864105,10.1802711736121,5.97707567172307,19.2013952411669,96.4493808947383,0
1,robust_wls,1,1600,1486,92.875,6.59916912302268,8.60986278058627,5.58561300245798,14.2196872108224,79.472841354644,0
1,robust_wls,2,1300,1096,84.3076923076923,9.29981476880473,12.1788329622555,6.85690854093273,25.0893979471018,55.7201725892271,0
1,robust_wls,3,1500,1428,95.2,6.79048245926065,8.72594118364988,5.41678489135449,17.2687217485754,46.0963376034988,0
1,robust_wls,4,1500,1298,86.5333333333333,8.81795578281653,12.3605576315257,6.66516302304559,24.3814036809083,96.4493808947383,0
1,robust_wls,5,1500,1374,91.6,7.04064476812062,9.05848078367522,5.72622883334496,15.7452619714042,82.3605492101433,0
2,top3_trilateration,0,7400,6116,82.6486486486486,24.6656882241459,31.305731616781,20.1038084424705,60.3314926964204,270.538186717179,0
2,top3_trilateration,1,1600,1423,88.9375,23.8412613882413,31.7937426987715,18.2867766117513,62.6831529054137,226.746864615329,0
2,top3_trilateration,2,1300,893,68.6923076923077,26.2616549990986,31.3241047784444,23.2353683648338,58.181634850257,213.385746841802,0
2,top3_trilateration,3,1500,1371,91.4,22.1336937049322,28.2628888539916,17.407930987642,57.4113875936763,117.224281001463,0
2,top3_trilateration,4,1500,1135,75.6666666666667,28.798431703716,35.9603299559938,24.6837679282787,66.9530503446486,270.538186717179,0
2,top3_trilateration,5,1500,1294,86.2666666666667,23.5286416198101,29.3736381472458,19.5550893089902,57.8400753804203,139.502832721422,0
2,all_sensor_wls,0,7400,6116,82.6486486486486,17.9002175379377,60.4065107593115,12.0773614226999,47.1460160585259,3407.65699516077,0
2,all_sensor_wls,1,1600,1423,88.9375,15.3533083100987,22.5602970401544,10.8219615585485,46.5094794237353,120.412886441438,0
2,all_sensor_wls,2,1300,893,68.6923076923077,20.5662296824548,33.221359227941,15.5713360047999,51.9501272054218,636.479250151364,0
2,all_sensor_wls,3,1500,1371,91.4,17.4742991070131,98.1118785032899,10.7226287036981,34.5602231571389,3407.65699516077,0
2,all_sensor_wls,4,1500,1135,75.6666666666667,21.7162954856219,77.1234247559735,13.1759734831641,57.896120063643,2172.45543083287,0
2,all_sensor_wls,5,1500,1294,86.2666666666667,15.9652783449987,22.5663947764799,11.9768694380773,41.9951486803226,179.664502330357,0
2,robust_wls,0,7400,6116,82.6486486486486,17.8972538776319,60.4060899149513,12.0818814661122,47.1460160585259,3407.65699516077,0.000981033355134075
2,robust_wls,1,1600,1423,88.9375,15.3533083100987,22.5602970401544,10.8219615585485,46.5094794237353,120.412886441438,0
2,robust_wls,2,1300,893,68.6923076923077,20.5435220637145,33.2053655501019,15.558444319681,51.9501272054218,636.479250151364,0.00111982082866741
2,robust_wls,3,1500,1371,91.4,17.4530794417823,98.1081598195062,10.6872250721264,34.5345161989603,3407.65699516077,0.00218818380743982
2,robust_wls,4,1500,1135,75.6666666666667,21.7426156430907,77.1325293960001,13.189431180231,57.896120063643,2172.45543083287,0.000881057268722467
2,robust_wls,5,1500,1294,86.2666666666667,15.9663378035841,22.5671502032147,11.9768694380773,41.9951486803226,179.664502330357,0.000772797527047913
3,top3_trilateration,0,7400,5748,77.6756756756757,37.1221154652048,51.8852560230464,29.2161256268967,89.9136461207796,586.357057858306,0
3,top3_trilateration,1,1600,1354,84.625,34.5897420236998,47.1749496357483,27.5205957669419,84.646870158351,329.709007344205,0
3,top3_trilateration,2,1300,829,63.7692307692308,43.3481648617252,60.6535093776446,34.083547406274,97.8936053773902,567.70489323692,0
3,top3_trilateration,3,1500,1306,87.0666666666667,30.9672809484602,42.4863941607205,23.7270667496459,80.9662623147988,586.357057858306,0
3,top3_trilateration,4,1500,1034,68.9333333333333,46.7762633298965,65.5577728704512,36.5310052108147,106.756894150643,492.320376950032,0
3,top3_trilateration,5,1500,1225,81.6666666666667,34.1206980585599,46.1551534498644,27.0849652520681,82.9565386524085,578.503062455713,0
3,all_sensor_wls,0,7400,5748,77.6756756756757,27.9412571348366,49.8530244011472,20.1341724288798,77.6772396108014,2265.07578793636,0
3,all_sensor_wls,1,1600,1354,84.625,24.3099184047675,32.1797635413412,17.9944571691842,69.0639851098514,151.404222019492,0
3,all_sensor_wls,2,1300,829,63.7692307692308,33.9410188342474,45.7658417738434,27.5714369235935,80.9186917093713,460.201003138463,0
3,all_sensor_wls,3,1500,1306,87.0666666666667,24.9312479818672,70.722845037543,16.8548077371854,72.2591488544549,2265.07578793636,0
3,all_sensor_wls,4,1500,1034,68.9333333333333,34.5122959285268,55.8767525716194,24.535806148381,87.655718347911,745.524314818771,0
3,all_sensor_wls,5,1500,1225,81.6666666666667,25.5572963452893,33.6435156545512,19.3845136404392,73.4108209868306,157.906749608205,0
3,robust_wls,0,7400,5748,77.6756756756757,28.0362489706878,49.9692494472898,20.1307518019955,77.8532123922425,2265.07578793636,0.011830201809325
3,robust_wls,1,1600,1354,84.625,24.401612676446,32.5155452110798,17.9862974737804,69.1723353625447,166.863037043997,0.00812407680945347
3,robust_wls,2,1300,829,63.7692307692308,33.7963690158037,45.292583159204,27.6177048931868,80.9186917093713,460.201003138463,0.0108564535585042
3,robust_wls,3,1500,1306,87.0666666666667,25.0350496479524,70.8375152882303,16.8548077371854,72.2591488544549,2265.07578793636,0.00995405819295559
3,robust_wls,4,1500,1034,68.9333333333333,34.9107234017622,56.3306722156818,24.4117679565174,89.7577715510648,745.524314818771,0.0280464216634429
3,robust_wls,5,1500,1225,81.6666666666667,25.5525900145767,33.6330079039326,19.3845136404392,72.6443945642108,157.906749608205,0.00489795918367347
5,top3_trilateration,0,7400,5714,77.2162162162162,79.2206595899275,145.435341678671,51.2071260623973,231.303898886765,2928.27502831673,0
5,top3_trilateration,1,1600,1327,82.9375,76.3852033385531,144.52425639186,48.0487143103267,239.916175872137,2244.45676237312,0
5,top3_trilateration,2,1300,867,66.6923076923077,91.688311469609,141.022065960955,65.1509837464978,250.222057736928,827.730146258864,0
5,top3_trilateration,3,1500,1221,81.4,64.6083307156269,129.683505150198,42.2717815893076,173.606172519718,2928.27502831673,0
5,top3_trilateration,4,1500,1103,73.5333333333333,90.8754563461754,142.736961745722,61.1447432113117,282.410023928093,1674.63973234795,0
5,top3_trilateration,5,1500,1196,79.7333333333333,77.4979246394839,165.838321405672,47.6893952534004,207.14666575281,2288.45581849111,0
5,all_sensor_wls,0,7400,5714,77.2162162162162,76.7561915022582,234.052652265506,42.3755835348297,215.956456844303,7945.13056117925,0
5,all_sensor_wls,1,1600,1327,82.9375,78.4574321962418,321.335456144944,39.1088376714524,214.083891351414,7945.13056117925,0
5,all_sensor_wls,2,1300,867,66.6923076923077,82.1092016552401,190.974699750302,51.4931574219826,234.201310977394,3348.35664614565,0
5,all_sensor_wls,3,1500,1221,81.4,74.4777967722959,269.16553412847,33.5683628889303,204.68502035572,6687.56816077656,0
5,all_sensor_wls,4,1500,1103,73.5333333333333,83.4030112132333,166.850485227519,51.4554782013489,247.378534004428,3005.63941746711,0
5,all_sensor_wls,5,1500,1196,79.7333333333333,67.1841778070469,145.174745651132,40.0625621831682,204.479420827625,3190.95127392253,0
5,robust_wls,0,7400,5714,77.2162162162162,77.2920952966382,235.086272247714,42.0552777770125,225.902827424738,7945.13056117925,0.118130906545327
5,robust_wls,1,1600,1327,82.9375,78.1953665587661,321.68980786014,38.4774037481016,215.721723762125,7945.13056117925,0.128862094951017
5,robust_wls,2,1300,867,66.6923076923077,82.7691587852698,191.436443411392,51.5108696198619,235.60642392083,3348.35664614565,0.0784313725490196
5,robust_wls,3,1500,1221,81.4,75.1950506062141,269.993524739106,33.5886388036111,214.066524569943,6687.56816077656,0.126945126945127
5,robust_wls,4,1500,1103,73.5333333333333,83.9476761421403,169.001728018953,51.5474333105543,256.533343684291,3005.63941746711,0.151405258386219
5,robust_wls,5,1500,1196,79.7333333333333,68.3223050666484,147.951103951407,39.7525339420502,211.684351604116,3190.95127392253,0.0953177257525084
