seed,waypoint_index,waypoint_type,x_m,y_m,z_m,distance_along_path_m
1,0,start,112.003677487373,162.003677487373,20,0
1,1,intermediate,251.297026876274,213.351297380637,20,148.456105474586
1,2,intermediate,295.913418393752,398.913413481013,20,339.306626363816
1,3,intermediate,454.829222822795,412.687067908948,20,498.818213571862
1,4,target,560,520,20,649.074520481209
2,0,start,92.1889281272888,857.811071872711,20,0
2,1,intermediate,217.896688708321,749.072956032183,20,166.211969806167
2,2,intermediate,311.367209863179,710.302175549867,20,267.40441885336
2,3,intermediate,472.289330990143,609.125584045392,20,457.49027244711
2,4,target,560,520,20,582.536388698632
3,0,start,72.3741787672043,877.625821232796,20,0
3,1,intermediate,200.827031211502,805.389024594519,20,147.371266160118
3,2,intermediate,281.913528223299,658.450031249167,20,315.198819806679
3,3,intermediate,404.83400049268,567.89594105788,20,467.873263487669
3,4,target,560,520,20,630.26325262778
4,0,start,857.44057059288,192.55942940712,20,0
4,1,intermediate,733.341623004078,254.817636140696,20,138.840315104543
4,2,intermediate,663.551920307662,338.124815684757,20,247.517307913696
4,3,intermediate,628.299621036384,465.716705942313,20,379.889567331626
4,4,target,560,520,20,467.133559946975
5,0,start,877.255319952965,827.255319952965,20,0
5,1,intermediate,781.684615257937,777.657739381049,20,107.67395039884
5,2,intermediate,716.450082422668,693.654977592741,20,214.031875643267
5,3,intermediate,655.832766196168,577.96718924058,20,344.638626618543
5,4,target,560,520,20,456.639136015879
6,0,start,102.929930686951,505.019545555115,20,0
6,1,intermediate,191.782432454567,545.407395764629,20,97.6009503791354
6,2,intermediate,308.939351768387,538.443181962219,20,214.964675682104
6,3,intermediate,441.248152759066,466.308240329627,20,365.659959695667
6,4,target,560,520,20,495.985729517431
7,0,start,916.884818673134,619.146633148193,20,0
7,1,intermediate,815.499102437556,613.613183619809,20,101.536606799145
7,2,intermediate,724.709827183056,635.405209472949,20,194.904614660625
7,3,intermediate,646.867619901316,532.951501181728,20,323.575402243184
7,4,target,560,520,20,411.403215435702
8,0,start,846.699568033218,333.273720741272,20,0
8,1,intermediate,768.136028616863,346.172190447497,20,79.6153267052751
8,2,intermediate,693.027593254201,434.396000305211,20,195.480410697119
8,3,intermediate,640.260691447607,517.63129828959,20,294.032228320211
8,4,target,560,520,20,374.327865433574
9,0,start,434.251010417938,183.485682606697,20,0
9,1,intermediate,497.499088195134,275.053059929993,20,111.287483269131
9,2,intermediate,428.946869042241,356.037835855169,20,217.390926580068
9,3,intermediate,503.508157481582,422.327766196145,20,317.159361459773
9,4,target,560,520,20,429.991952174339
10,0,start,576.909869909286,836.329066753387,20,0
10,1,intermediate,599.384888122675,756.949646648202,20,82.4998107872234
10,2,intermediate,540.238331575717,682.244524784759,20,177.784491528644
10,3,intermediate,530.942229742789,610.778934673974,20,249.852154729076
10,4,target,560,520,20,345.168307572456
11,0,start,93.856183886528,143.856183886528,20,0
11,1,intermediate,167.986485226559,267.514373923568,20,144.175759196893
11,2,intermediate,377.046448431522,288.649701654022,20,354.301365188961
11,3,intermediate,431.74505498157,459.266111136198,20,533.471387076292
11,4,target,560,520,20,675.379583380104
12,0,start,74.0414345264435,124.041434526443,20,0
12,1,intermediate,222.517924058183,204.807484975325,20,169.021959664358
12,2,intermediate,282.436325072875,336.801099479867,20,313.978950010222
12,3,intermediate,455.390232780816,382.168212117829,20,492.783953017836
12,4,target,560,520,20,665.818068580195
13,0,start,144.226685166359,805.773314833641,20,0
13,1,intermediate,234.967435983607,744.74617507962,20,109.353535130029
13,2,intermediate,338.775441660886,637.789300066733,20,258.403443399765
13,3,intermediate,467.716587290319,581.381053343869,20,399.143307456037
13,4,target,560,520,20,509.975892786112
14,0,start,875.588064193726,174.411935806274,20,0
14,1,intermediate,767.298114991,243.486491417665,20,128.444569099826
14,2,intermediate,649.809308539764,317.520260630796,20,267.313639181104
14,3,intermediate,616.630338198605,402.525579868396,20,358.564657649864
14,4,target,560,520,20,488.976446188113
15,0,start,895.40281355381,845.40281355381,20,0
15,1,intermediate,792.249197471399,811.466143890713,20,108.592661164093
15,2,intermediate,737.603744770606,680.217693204782,20,250.762564126471
15,3,intermediate,604.818402128612,614.548557937047,20,398.89892882928
15,4,target,560,520,20,503.532188251593
16,0,start,84.7824370861053,446.290421485901,20,0
16,1,intermediate,185.649942240288,472.578731732244,20,104.236888152118
16,2,intermediate,315.939810026231,531.759345746031,20,247.337533582972
16,3,intermediate,452.035467760823,493.138451035159,20,388.806970432349
16,4,target,560,520,20,500.062905260181
17,0,start,154.967687726021,560.417509078979,20,0
17,1,intermediate,265.563236630826,500.394184634628,20,125.83391798282
17,2,intermediate,371.301381337513,493.873396869576,20,231.772937796528
17,3,intermediate,484.630415731199,578.322342192687,20,373.106212020226
17,4,target,560,520,20,468.406106205334
18,0,start,864.847061634064,674.544596672058,20,0
18,1,intermediate,795.400030163919,633.586732659871,20,80.6252863837152
18,2,intermediate,734.968737911421,584.593668500685,20,158.421567908046
18,3,intermediate,650.874282172206,568.357235931658,20,244.069096936287
18,4,target,560,520,20,347.008678377362
19,0,start,360.839605331421,165.338189005852,20,0
19,1,intermediate,445.972812364896,206.384087493426,20,94.5115269290297
19,2,intermediate,524.844543380405,309.815215425018,20,224.583615320753
19,3,intermediate,554.946080324079,399.423575957943,20,319.112768515786
19,4,target,560,520,20,439.795062738512
20,0,start,503.498464822769,854.476560354233,20,0
20,1,intermediate,518.46081270331,764.353638728255,20,91.3565151289188
20,2,intermediate,529.170351043037,666.344682782717,20,189.948855891194
20,3,intermediate,552.645223416213,599.04918494644,20,261.221246492108
20,4,target,560,520,20,340.611840262994
21,0,start,75.7086902856827,125.708690285683,20,0
21,1,intermediate,194.276555798157,264.888560851318,20,182.837017867966
21,2,intermediate,358.0640641059,303.269826393666,20,351.06147929463
21,3,intermediate,440.865125598144,386.374848506008,20,468.374992943039
21,4,target,560,520,20,647.396777680367
22,0,start,145.893940925598,195.893940925598,20,0
22,1,intermediate,276.907492474769,237.752398414128,20,137.537926234353
22,2,intermediate,309.015461107604,397.067479016387,20,300.056283834445
22,3,intermediate,454.717804466043,451.16230394666,20,455.476433571786
22,4,target,560,520,20,581.265817441739
23,0,start,126.079191565514,823.920808434486,20,0
23,1,intermediate,243.122270622102,723.01271576804,20,154.536486049822
23,2,intermediate,349.307555818109,663.103334217788,20,276.456331808792
23,3,intermediate,466.054299035489,646.56036910528,20,394.369315600139
23,4,target,560,520,20,551.986959783074
24,0,start,893.735557794571,156.264442205429,20,0
24,1,intermediate,801.23805444406,232.264676912275,20,119.715595481848
24,2,intermediate,787.813652374281,368.149205332467,20,256.261630337896
24,3,intermediate,654.80564136903,452.590515928458,20,413.809927462116
24,4,target,560,520,20,530.137689317078
25,0,start,913.550307154655,863.550307154655,20,0
25,1,intermediate,845.769890061439,729.287406510903,20,150.401833202273
25,2,intermediate,758.794696942972,666.799669193163,20,257.497125036627
25,3,intermediate,668.454978702363,604.746174845834,20,367.095942788037
25,4,target,560,520,20,504.734587638713
26,0,start,156.63494348526,387.561297416687,20,0
26,1,intermediate,254.200762986061,402.312039257438,20,98.6745839601836
26,2,intermediate,358.672106323807,529.046866159584,20,262.918238110687
26,3,intermediate,473.579303570366,522.970286097547,20,377.985995559548
26,4,target,560,520,20,464.457721406117
27,0,start,136.820194125175,501.688385009766,20,0
27,1,intermediate,262.904514403336,544.632980241706,20,133.197199969222
27,2,intermediate,340.475472485462,488.116727302003,20,229.172928068172
27,3,intermediate,441.713570451828,492.050399534636,20,330.487419909572
27,4,target,560,520,20,452.031072896589
28,0,start,882.994555234909,615.815472602844,20,0
28,1,intermediate,793.457821064519,612.002668635315,20,89.6178790197241
28,2,intermediate,725.956035343941,523.466747650363,20,200.951164159975
28,3,intermediate,653.337298170699,508.326456093091,20,275.131413668018
28,4,target,560,520,20,369.195874848384
29,0,start,287.428200244904,147.190695405006,20,0
29,1,intermediate,319.926841548181,245.970850163162,20,103.988848731988
29,2,intermediate,449.6086682633,284.484523654031,20,239.268851784661
29,3,intermediate,509.524477794476,425.79403593027,20,392.755927760213
29,4,target,560,520,20,499.632220773339
30,0,start,430.087059736252,872.624053955078,20,0
30,1,intermediate,441.966264561086,761.710432734726,20,111.547957755766
30,2,intermediate,507.933486937853,708.614325825827,20,196.228953244642
30,3,intermediate,577.715255889882,604.086161737831,20,321.909629427106
30,4,target,560,520,20,407.841654231859
31,0,start,147.561196684837,197.561196684837,20,0
31,1,intermediate,249.821377228803,298.400527390305,20,143.616555946769
31,2,intermediate,344.573267412961,331.279023854593,20,243.910704446184
31,3,intermediate,440.292240200315,455.670870685551,20,400.867556190486
31,4,target,560,520,20,536.765255341775
32,0,start,127.746447324753,177.746447324753,20,0
32,1,intermediate,194.263799618604,292.583263329284,20,132.710408281501
32,2,intermediate,389.267036566988,285.91555548203,20,327.827605750827
32,3,intermediate,502.184159181369,409.169115992403,20,494.985365839898
32,4,target,560,520,20,619.989990952214
33,0,start,107.931697964668,842.068302035332,20,0
33,1,intermediate,209.976857893108,729.934415413315,20,151.615379146642
33,2,intermediate,360.118121126569,688.089070021018,20,307.478883073444
33,3,intermediate,440.44970814581,590.542200981932,20,433.845633179469
33,4,target,560,520,20,572.656563591297
34,0,start,911.883051395416,138.116948604584,20,0
34,1,intermediate,835.163561867886,221.135947928584,20,113.039967808396
34,2,intermediate,774.010613837754,347.69041219053,20,253.594994319027
34,3,intermediate,643.421751815581,389.367825006224,20,390.673284442795
34,4,target,560,520,20,545.669909630522
35,0,start,841.697800755501,791.697800755501,20,0
35,1,intermediate,788.737461428421,695.542494550345,20,109.77540914543
35,2,intermediate,734.806655534131,608.247050646247,20,212.386453145681
35,3,intermediate,595.013951887698,618.901316751993,20,352.584575026936
35,4,target,560,520,20,457.500957361022
36,0,start,138.487449884415,328.832173347473,20,0
36,1,intermediate,260.719832783445,336.657807151169,20,122.482635396226
36,2,intermediate,373.462526494744,362.677858386827,20,238.188979438314
36,3,intermediate,463.96355194751,428.593262933764,20,350.150026970875
36,4,target,560,520,20,482.73279710197
37,0,start,118.67270052433,442.959260940552,20,0
37,1,intermediate,207.110018408693,469.071808545311,20,92.2118448844326
37,2,intermediate,352.959342718291,483.865825302507,20,238.809554052681
37,3,intermediate,448.766812614814,517.806204999882,20,340.451182640456
37,4,target,560,520,20,451.706001468094
38,0,start,901.142048835754,557.08634853363,20,0
38,1,intermediate,800.270840377238,595.154603951637,20,107.81554974331
38,2,intermediate,756.515414983641,474.728265813773,20,235.944547900127
38,3,intermediate,627.91452189277,563.216724641542,20,392.048350062289
38,4,target,560,520,20,472.547216965286
39,0,start,714.016795158386,129.043201804161,20,0
39,1,intermediate,673.986926582265,216.665327407529,20,96.3328981889048
39,2,intermediate,663.205476588585,333.099023065368,20,213.264695184027
39,3,intermediate,584.422853336887,390.009326929453,20,310.452577208082
39,4,target,560,520,20,442.717655178228
40,0,start,356.675654649734,800.771547555923,20,0
40,1,intermediate,376.514583040358,681.07831311141,20,121.326227385003
40,2,intermediate,498.878369097475,670.41812936142,20,244.153486801696
40,3,intermediate,478.96340923378,584.73040202796,20,332.125029029544
40,4,target,560,520,20,435.84076549086
41,0,start,129.413703083992,179.413703083992,20,0
41,1,intermediate,237.063594103909,264.370906767618,20,137.135792170903
41,2,intermediate,325.890767137963,345.768039393198,20,257.617159480907
41,3,intermediate,487.716412074573,413.567373252206,20,433.071680741759
41,4,target,560,520,20,561.729448170735
42,0,start,109.598953723907,159.598953723907,20,0
42,1,intermediate,220.626164209993,289.589818806456,20,170.952234478614
42,2,intermediate,370.617998737189,300.635032558147,20,321.350197136538
42,3,intermediate,440.31404534485,424.810848327326,20,463.748132987724
42,4,target,560,520,20,616.671977884057
43,0,start,89.7842043638229,860.215795636177,20,0
43,1,intermediate,176.752504658702,737.146977242693,20,150.696447592333
43,2,intermediate,371.167268567733,712.786534204462,20,346.631466439968
43,3,intermediate,480.24441939254,626.510155424807,20,485.704966314632
43,4,target,560,520,20,618.766477829606
44,0,start,840.030544996262,209.969455003738,20,0
44,1,intermediate,767.942397327233,314.318553511635,20,126.828369830107
44,2,intermediate,715.34143093931,371.950309842564,20,204.855807329559
44,3,intermediate,659.100568151935,461.768192407652,20,310.828854259164
44,4,target,560,520,20,425.771735828701
45,0,start,859.845294356346,809.845294356346,20,0
45,1,intermediate,799.394228914884,729.390119485301,20,100.634817416928
45,2,intermediate,644.787231248938,709.866568674358,20,256.469642676063
45,3,intermediate,622.639185397945,574.185146200691,20,393.946856568023
45,4,target,560,520,20,476.770148075354
46,0,start,879.660043716431,829.660043716431,20,0
46,1,intermediate,819.622486493586,704.515255231291,20,138.801031560563
46,2,intermediate,744.197432655234,669.373834184117,20,222.010755870485
46,3,intermediate,671.501880590403,567.223081124531,20,347.387865586139
46,4,target,560,520,20,468.477455419826
47,0,start,100.525206923485,384.230136871338,20,0
47,1,intermediate,207.859759292207,398.821443462202,20,108.321800022999
47,2,intermediate,311.041897894271,469.771239124037,20,233.543312675385
47,3,intermediate,477.974934083605,436.959096915287,20,403.670545203622
47,4,target,560,520,20,520.392021478186
48,0,start,919.2895424366,498.357224464417,20,0
48,1,intermediate,809.188785467304,467.469769917222,20,114.351263804197
48,2,intermediate,740.099402436279,580.664382243092,20,246.964849485347
48,3,intermediate,670.397225984186,509.1891045421,20,346.800257655959
48,4,target,560,520,20,457.725561196698
49,0,start,640.605390071869,200.895708203316,20,0
49,1,intermediate,641.887649664023,284.876268708022,20,83.9903490428886
49,2,intermediate,600.120540304664,382.183723235316,20,189.882898973552
49,3,intermediate,629.393556413856,443.061460278415,20,257.432942197948
49,4,target,560,520,20,361.042809325809
50,0,start,283.264249563217,818.919041156769,20,0
50,1,intermediate,362.115198226505,780.945339509987,20,87.5184216143046
50,2,intermediate,458.575430740623,719.479218166336,20,201.897880127231
50,3,intermediate,501.226765130789,601.308366300914,20,327.530226900908
50,4,target,560,520,20,427.856412752434
51,0,start,425.923109054565,838.733790516853,20,0
51,1,intermediate,438.390263539029,738.95169278352,20,100.557928424386
51,2,intermediate,465.042407566843,661.475052852442,20,182.490623462992
51,3,intermediate,494.51610623959,571.267400778459,20,277.391199889865
51,4,target,560,520,20,360.556617730478
52,0,start,91.4514601230621,141.451460123062,20,0
52,1,intermediate,208.006691585493,255.568605722108,20,163.11911261693
52,2,intermediate,351.719310339747,315.242574408994,20,318.728557471826
52,3,intermediate,417.13861134356,471.312786624636,20,487.955021374087
52,4,target,560,520,20,638.884876323678
53,0,start,71.6367107629776,878.363289237022,20,0
53,1,intermediate,210.395059426171,835.828456236588,20,145.131290017388
53,2,intermediate,342.111086988616,766.810156009961,20,293.834476543446
53,3,intermediate,413.220424742953,600.243924220057,20,474.944519027425
53,4,target,560,520,20,642.226709014504
54,0,start,858.178038597107,191.821961402893,20,0
54,1,intermediate,801.774295449786,303.060822666542,20,124.721555860494
54,2,intermediate,701.501732528028,351.567067551389,20,236.11025666864
54,3,intermediate,613.676058497666,435.725609692478,20,357.749104222375
54,4,target,560,520,20,457.665529886774
55,0,start,877.992787957191,827.992787957191,20,0
55,1,intermediate,810.007597080914,763.229632026717,20,93.8949015898031
55,2,intermediate,665.895408235571,696.356986007229,20,252.766780031029
55,3,intermediate,686.280725898107,564.305121869462,20,386.382856902272
55,4,target,560,520,20,520.210229129409
56,0,start,897.807537317276,847.807537317276,20,0
56,1,intermediate,830.250122507196,738.35487106847,20,128.623055650197
56,2,intermediate,765.375881756525,655.960905427733,20,233.491700568414
56,3,intermediate,620.493592430955,603.811216644154,20,387.473737833941
56,4,target,560,520,20,490.83618149979
57,0,start,82.3777133226395,325.501012802124,20,0
57,1,intermediate,213.480329889624,332.070359312385,20,131.267103206712
57,2,intermediate,312.93433719681,467.707584067509,20,299.459125338352
57,3,intermediate,431.228680775433,449.620435364143,20,419.128238608715
57,4,target,560,520,20,565.877466113217
58,0,start,847.437036037445,439.628100395203,20,0
58,1,intermediate,796.110365891315,443.063104027718,20,51.4414844094246
58,2,intermediate,739.467328794231,520.710694765467,20,147.553824922797
58,3,intermediate,625.15794992607,456.165515868169,20,278.827257939951
58,4,target,560,520,20,370.043483486425
59,0,start,567.193984985352,182.74821460247,20,0
59,1,intermediate,613.994504688678,274.607530034764,20,103.094240751805
59,2,intermediate,546.507369664243,344.866851210935,20,200.515417125028
59,3,intermediate,570.324266599352,442.098800274498,20,300.621842984295
59,4,target,560,520,20,379.204203597139
60,0,start,709.8528444767,837.066534757614,20,0
60,1,intermediate,682.460786515843,767.1132270864,20,75.1251628515669
60,2,intermediate,560.970380020329,701.173124715138,20,213.356910186171
60,3,intermediate,636.775137633072,561.018746572179,20,372.698088132633
60,4,target,560,520,20,459.743819383107
61,0,start,352.511703968048,856.881284117699,20,0
61,1,intermediate,367.75159813681,728.906517667258,20,128.878994496077
61,2,intermediate,436.160772639065,701.424241811227,20,202.602061729522
61,3,intermediate,496.690792928277,621.445160698013,20,302.904288882894
61,4,target,560,520,20,422.483452323252
62,0,start,73.3039665222168,123.303966522217,20,0
62,1,intermediate,195.578686781446,221.557812994382,20,156.859572742783
62,2,intermediate,332.602102066478,329.750272949946,20,331.447730209464
62,3,intermediate,426.243484085855,398.369122522518,20,447.539310193382
62,4,target,560,520,20,628.328900340141
63,0,start,143.489217162132,806.510782837868,20,0
63,1,intermediate,284.813227721886,747.149802829984,20,153.284708657419
63,2,intermediate,304.973236956374,616.11988078159,20,285.85644940311
63,3,intermediate,475.125275865635,613.962752061007,20,456.022161429052
63,4,target,560,520,20,582.642529347341
64,0,start,876.325532197952,173.674467802048,20,0
64,1,intermediate,835.60234101022,291.909840860333,20,125.051916189815
64,2,intermediate,687.72376992459,331.059078450075,20,278.02490266189
64,3,intermediate,685.627343121069,448.794302381639,20,395.778789899458
64,4,target,560,520,20,540.182670432415
65,0,start,896.140281558037,846.140281558037,20,0
65,1,intermediate,784.699618609505,762.244783784142,20,139.490056653289
65,2,intermediate,722.93297777689,717.693074084063,20,215.647608852302
65,3,intermediate,635.277314434246,600.911045390549,20,361.666640289344
65,4,target,560,520,20,472.180310641132
66,0,start,915.955030918121,865.955030918121,20,0
66,1,intermediate,840.842076743528,772.188024994944,20,120.142445807599
66,2,intermediate,786.588783501503,642.564606907646,20,260.661662800291
66,3,intermediate,684.14052231227,594.026785115329,20,374.026412017321
66,4,target,560,520,20,518.563030887677
67,0,start,154.230219721794,666.77188873291,20,0
67,1,intermediate,272.738434801502,669.459782142076,20,118.538693313016
67,2,intermediate,363.067139167512,662.610471196637,20,209.126705173689
67,3,intermediate,465.173784450965,578.929400542235,20,341.142948859486
67,4,target,560,520,20,452.788304354551
68,0,start,865.58452963829,380.898976325989,20,0
68,1,intermediate,811.082272446261,423.754647981215,20,69.3332866092954
68,2,intermediate,724.444182993025,474.417285225,20,169.696932201722
68,3,intermediate,639.294503593658,516.240802165697,20,264.563546303333
68,4,target,560,520,20,343.947108005501
69,0,start,493.782579898834,164.600721001625,20,0
69,1,intermediate,476.119621911457,274.259247646123,20,111.071925123795
69,2,intermediate,491.005843177379,365.870945950983,20,203.885193840497
69,3,intermediate,516.842375087298,458.246967991992,20,299.806285521385
69,4,target,560,520,20,375.145634803732
70,0,start,636.441439390182,855.214028358459,20,0
70,1,intermediate,597.185660786039,781.176580904839,20,83.8007146703723
70,2,intermediate,548.994793139325,715.373556040246,20,165.362947387932
70,3,intermediate,561.882036894177,624.841177795213,20,256.807972196823
70,4,target,560,520,20,361.6660411489
71,0,start,279.100298881531,875.028777718544,20,0
71,1,intermediate,359.407265366019,825.202212359489,20,94.5087058498896
71,2,intermediate,429.727234273066,704.104133401943,20,234.543140023403
71,3,intermediate,517.234857499975,637.021183033005,20,344.80512963462
71,4,target,560,520,20,469.395717928806
72,0,start,145.156472921371,195.156472921371,20,0
72,1,intermediate,250.31774691096,255.017284869596,20,121.005001360332
72,2,intermediate,359.034203826128,389.025390159803,20,293.566411552932
72,3,intermediate,425.887347912484,467.92307123224,20,396.97911363947
72,4,target,560,520,20,540.847838384738
73,0,start,125.341723561287,824.658276438713,20,0
73,1,intermediate,252.025926888224,753.663570672235,20,145.22098890811
73,2,intermediate,315.319256657471,641.721472428142,20,273.81756332815
73,3,intermediate,449.775882059785,557.729517011368,20,432.35220525007
73,4,target,560,520,20,548.854877449508
74,0,start,894.473025798798,155.526974201202,20,0
74,1,intermediate,786.069784165216,204.35316961392,20,118.891800201484
74,2,intermediate,673.99836057393,310.445944504042,20,273.215100029033
74,3,intermediate,640.331198860284,422.528009057916,20,390.244442386031
74,4,target,560,520,20,516.553153600041
75,0,start,914.287775158882,135.712224841118,20,0
75,1,intermediate,844.337374070703,261.747530995301,20,144.145610442274
75,2,intermediate,749.07670497534,320.588397576763,20,256.113653457027
75,3,intermediate,598.424931068715,410.745857494815,20,431.682228549747
75,4,target,560,520,20,547.496489252731
76,0,start,844.102524518967,794.102524518967,20,0
76,1,intermediate,783.960019080985,738.468229635003,20,81.9286014014242
76,2,intermediate,651.419778160822,699.063195697312,20,220.202504083042
76,3,intermediate,610.652944076695,608.119208970712,20,319.865654158538
76,4,target,560,520,20,421.50578271641
77,0,start,136.082726120949,608.042764663696,20,0
77,1,intermediate,255.413226526545,599.49769629582,20,119.636058613036
77,2,intermediate,338.394561464517,494.012911918475,20,253.848359402579
77,3,intermediate,457.711352029834,489.973865561096,20,373.233494181934
77,4,target,560,520,20,479.838073131
78,0,start,883.732023239136,322.169852256775,20,0
78,1,intermediate,833.002701480092,403.988978631382,20,96.2695877566563
78,2,intermediate,705.2649384888,436.234216358806,20,228.014384428547
78,3,intermediate,656.230790395301,449.0679049947,20,278.700193520029
78,4,target,560,520,20,398.24820530586
79,0,start,420.371174812317,146.45322740078,20,0
79,1,intermediate,453.089632633278,264.006180502418,20,122.021286114751
79,2,intermediate,428.408450455566,344.936923207946,20,206.631840235132
79,3,intermediate,560.216736654737,399.928824249877,20,349.451774036293
79,4,target,560,520,20,469.523145398473
80,0,start,563.030034303665,126.638478040695,20,0
80,1,intermediate,611.001565300744,227.992594191969,20,112.133512595519
80,2,intermediate,593.259191103634,330.176917703028,20,215.846712399416
80,3,intermediate,542.464312088663,420.375001397751,20,319.363928534443
80,4,target,560,520,20,420.520444375104
81,0,start,705.688893795013,803.176271319389,20,0
81,1,intermediate,681.4142646446,744.793403256746,20,63.2282919555013
81,2,intermediate,652.542081292501,624.591144612402,20,186.849430741387
81,3,intermediate,561.170045803095,597.223686846891,20,282.23195856501
81,4,target,560,520,20,359.464508810409
82,0,start,127.008979320526,177.008979320526,20,0
82,1,intermediate,237.809264729779,221.001989681622,20,119.214463079793
82,2,intermediate,300.808652901053,372.548408525638,20,283.334053544798
82,3,intermediate,473.267484959107,425.780250880533,20,463.8213877135
82,4,target,560,520,20,591.883444113723
83,0,start,107.194229960442,842.805770039558,20,0
83,1,intermediate,219.11947345643,760.514984403998,20,138.92096145706
83,2,intermediate,325.962279523528,666.970598980725,20,280.927782604882
83,3,intermediate,448.401835269317,622.998243777798,20,411.023950239899
83,4,target,560,520,20,562.888325893202
84,0,start,912.620519399643,137.379480600357,20,0
84,1,intermediate,786.168315695572,229.960336026646,20,156.720689805396
84,2,intermediate,777.973563018722,398.173903087565,20,325.133747834735
84,3,intermediate,678.326017923042,472.712295129186,20,449.574919203965
84,4,target,560,520,20,577.000087634197
85,0,start,842.435268759727,207.564731240273,20,0
85,1,intermediate,811.046554972514,317.760908575405,20,114.579443411511
85,2,intermediate,690.157165792734,345.10157752522,20,238.521997019558
85,3,intermediate,647.833630237269,446.513675257223,20,348.411465251596
85,4,target,560,520,20,462.932146898442
86,0,start,862.250018119812,812.250018119812,20,0
86,1,intermediate,758.623572601228,737.552185966019,20,127.742734976563
86,2,intermediate,672.507146009159,685.552068248284,20,228.341200032673
86,3,intermediate,638.297936338499,563.423314394624,20,355.170623054853
86,4,target,560,520,20,444.703583845179
87,0,start,117.935232520103,549.313640594482,20,0
87,1,intermediate,245.696539167691,529.778368411526,20,129.246192731396
87,2,intermediate,313.362949655854,488.112726603193,20,208.711712396549
87,3,intermediate,428.570919285275,518.270164345262,20,327.801373229471
87,4,target,560,520,20,459.241837276545
88,0,start,901.879516839981,663.440728187561,20,0
88,1,intermediate,834.104519681567,588.551542449687,20,101.004160212858
88,2,intermediate,742.73321433611,577.038970497981,20,193.097888302648
88,3,intermediate,672.897894849172,513.010832153701,20,287.842673635017
88,4,target,560,520,20,400.956700742881
89,0,start,346.9597697258,128.305733799934,20,0
89,1,intermediate,404.879905120306,200.416993504234,20,92.4920313338338
89,2,intermediate,525.718108614583,298.613030788579,20,248.197950174682
89,3,intermediate,510.263669857407,423.392442273829,20,373.930766924744
89,4,target,560,520,20,482.589511376668
90,0,start,489.618629217148,198.49098443985,20,0
90,1,intermediate,472.839005890777,296.956903753929,20,99.8853994602896
90,2,intermediate,529.600939676762,337.060726171702,20,169.385282191419
90,3,intermediate,599.266557328777,441.90938152976,20,295.268318432326
90,4,target,560,520,20,382.675453252767
91,0,start,632.277488708496,821.323764920235,20,0
91,1,intermediate,595.074289812485,759.747805573796,20,71.942176624915
91,2,intermediate,652.170626762823,660.690278908213,20,186.276708951108
91,3,intermediate,589.017004563973,617.440135042319,20,262.820519551676
91,4,target,560,520,20,364.489425668202
92,0,start,108.861485719681,158.861485719681,20,0
92,1,intermediate,264.532865184039,218.243883500202,20,166.612867301719
92,2,intermediate,281.709743630801,386.813194638444,20,336.055063376948
92,3,intermediate,411.307375258161,441.262361425863,20,476.626247789917
92,4,target,560,520,20,644.879367763511
93,0,start,89.0467363595963,860.953263640404,20,0
93,1,intermediate,186.112959027361,767.661210270316,20,134.630081352554
93,2,intermediate,336.859851317202,691.910160609081,20,303.339438116854
93,3,intermediate,422.095423259827,567.251120898598,20,454.352612727304
93,4,target,560,520,20,600.127578726478
94,0,start,840.768013000488,209.231986999512,20,0
94,1,intermediate,752.557109478296,286.530698889419,20,117.287059644449
94,2,intermediate,753.327023388644,385.293848336095,20,216.053210000003
94,3,intermediate,644.393907479105,431.823214845794,20,334.507444578404
94,4,target,560,520,20,456.562665932194
95,0,start,860.582762360573,189.417237639427,20,0
95,1,intermediate,761.155488263205,230.518549130253,20,107.587641672727
95,2,intermediate,676.396232462647,324.633066534784,20,234.243371231844
95,3,intermediate,602.460316926686,420.417316031813,20,355.243958246328
95,4,target,560,520,20,463.501010948785
96,0,start,880.397511720657,830.397511720657,20,0
96,1,intermediate,769.228224052552,771.349911852669,20,125.877835899749
96,2,intermediate,693.643432777755,672.070629128001,20,250.655384562877
96,3,intermediate,623.230069110727,634.823279803614,20,330.313446393416
96,4,target,560,520,20,461.395204180708
97,0,start,99.7877389192581,490.584516525269,20,0
97,1,intermediate,193.008755617197,458.488053956078,20,98.5917890275499
97,2,intermediate,331.807979084363,479.596940768739,20,238.986979605995
97,3,intermediate,438.353465952985,541.639470611535,20,362.280192238994
97,4,target,560,520,20,485.836438272932
98,0,start,920.027010440826,604.711604118347,20,0
98,1,intermediate,827.369083854274,566.578452974116,20,100.197946962539
98,2,intermediate,732.204324341679,518.94110552326,20,206.619976285624
98,3,intermediate,638.043147413968,562.233461604526,20,310.25662682721
98,4,target,560,520,20,398.994432397211
99,0,start,273.548364639282,200.158240199089,20,0
99,1,intermediate,368.946685355981,241.676527802914,20,104.041375428817
99,2,intermediate,446.343693077627,313.217456682218,20,209.437776264795
99,3,intermediate,472.854049489869,478.620472446604,20,376.951825290713
99,4,target,560,520,20,473.422971188627
100,0,start,416.20722413063,180.343490839005,20,0
100,1,intermediate,449.494746834249,285.930889669331,20,110.710243245593
100,2,intermediate,476.997732662661,357.146466432259,20,187.052057496724
100,3,intermediate,530.299215391732,410.647146170099,20,262.572722175529
100,4,target,560,520,20,375.887254549318
