seed,entry_case,entry_region,start_x_m,start_y_m,start_z_m,waypoint1_x_m,waypoint1_y_m,waypoint1_z_m,waypoint2_x_m,waypoint2_y_m,waypoint2_z_m,waypoint3_x_m,waypoint3_y_m,waypoint3_z_m,target_x_m,target_y_m,target_z_m,crosses_secure_wall,boundary_x_m,boundary_y_m,boundary_z_m,boundary_distance_m,total_path_distance_m,boundary_segment_index,time_to_boundary_s,total_flight_time_s
1,4,south_west,112.0036775,162.0036775,20,251.2970269,213.3512974,20,295.9134184,398.9134135,20,454.8292228,412.6870679,20,560,520,20,1,300,399.2676084,20,343.4085288,649.0745205,2,34.34085288,64.90745205
2,5,north_west,92.18892813,857.8110719,20,217.8966887,749.072956,20,311.3672099,710.3021755,20,472.289331,609.125584,20,560,520,20,1,407.2782685,650,20,380.6973292,582.5363887,2,38.06973292,58.25363887
3,5,north_west,72.37417877,877.6258212,20,200.8270312,805.3890246,20,281.9135282,658.4500312,20,404.8340005,567.8959411,20,560,520,20,1,300,645.1259367,20,337.6632797,630.2632526,2,33.76632797,63.02632526
4,6,south_east,857.4405706,192.5594294,20,733.341623,254.8176361,20,663.5519203,338.1248157,20,628.299621,465.7167059,20,560,520,20,1,660.2709316,350,20,259.8374089,467.1335599,2,25.98374089,46.71335599
5,7,north_east,877.25532,827.25532,20,781.6846153,777.6577394,20,716.4500824,693.6549776,20,655.8327662,577.9671892,20,560,520,20,1,693.5760382,650,20,263.3165484,456.639136,2,26.33165484,45.6639136
6,0,west,102.9299307,505.0195456,20,191.7824325,545.4073958,20,308.9393518,538.443182,20,441.2481528,466.3082403,20,560,520,20,1,300,538.974568,20,206.0095441,495.9857295,1,20.60095441,49.59857295
7,1,east,916.8848187,619.1466331,20,815.4991024,613.6131836,20,724.7098272,635.4052095,20,646.8676199,532.9515012,20,560,520,20,1,700,602.8828349,20,235.7492032,411.4032154,2,23.57492032,41.14032154
8,1,east,846.699568,333.2737207,20,768.1360286,346.1721904,20,693.0275933,434.3960003,20,640.2606914,517.6312983,20,560,520,20,1,700,426.2060775,20,184.724515,374.3278654,1,18.4724515,37.43278654
9,2,south,434.2510104,183.4856826,20,497.4990882,275.0530599,20,428.946869,356.0378359,20,503.5081575,422.3277662,20,560,520,20,1,434.0577932,350,20,209.4803636,429.9919522,1,20.94803636,42.99919522
10,3,north,576.9098699,836.3290668,20,599.3848881,756.9496466,20,540.2383316,682.2445248,20,530.9422297,610.7789347,20,560,520,20,1,536.0440279,650,20,210.3006654,345.1683076,2,21.03006654,34.51683076
11,4,south_west,93.85618389,143.8561839,20,167.9864852,267.5143739,20,377.0464484,288.6497017,20,431.745055,459.2661111,20,560,520,20,1,396.7149893,350,20,418.727374,675.3795834,2,41.8727374,67.53795834
12,4,south_west,74.04143453,124.0414345,20,222.5179241,204.807485,20,282.4363251,336.8010995,20,455.3902328,382.1682121,20,560,520,20,1,332.754745,350,20,365.9996608,665.8180686,2,36.59996608,66.58180686
13,5,north_west,144.2266852,805.7733148,20,234.967436,744.7461751,20,338.7754417,637.7893001,20,467.7165873,581.3810533,20,560,520,20,1,326.9242315,650,20,241.3872048,509.9758928,1,24.13872048,50.99758928
14,6,south_east,875.5880642,174.4119358,20,767.298115,243.4864914,20,649.8093085,317.5202606,20,616.6303382,402.5255799,20,560,520,20,1,637.1319335,350,20,302.179802,488.9764462,2,30.2179802,48.89764462
15,7,north_east,895.4028136,845.4028136,20,792.2491975,811.4661439,20,737.6037448,680.2176932,20,604.8184021,614.5485579,20,560,520,20,1,676.5024872,650,20,318.927604,503.5321883,2,31.8927604,50.35321883
16,0,west,84.78243709,446.2904215,20,185.6499422,472.5787317,20,315.93981,531.7593457,20,452.0354678,493.138451,20,560,520,20,1,300,524.5191224,20,229.8304385,500.0629053,1,22.98304385,50.00629053
17,0,west,154.9676877,560.4175091,20,265.5632366,500.3941846,20,371.3013813,493.8733969,20,484.6304157,578.3223422,20,560,520,20,1,300,498.2704967,20,160.3361023,468.4061062,1,16.03361023,46.84061062
18,1,east,864.8470616,674.5445967,20,795.4000302,633.5867327,20,734.9687379,584.5936685,20,650.8742822,568.3572359,20,560,520,20,1,700,577.8421229,20,194.0361155,347.0086784,2,19.40361155,34.70086784
19,2,south,360.8396053,165.338189,20,445.9728124,206.3840875,20,524.8445434,309.8152154,20,554.9460803,399.423576,20,560,520,20,1,538.3435492,350,20,266.9751247,439.7950627,2,26.69751247,43.97950627
20,3,north,503.4984648,854.4765604,20,518.4608127,764.3536387,20,529.170351,666.3446828,20,552.6452234,599.0491849,20,560,520,20,1,534.8719114,650,20,207.2594436,340.6118403,2,20.72594436,34.06118403
21,4,south_west,75.70869029,125.7086903,20,194.2765558,264.8885609,20,358.0640641,303.2698264,20,440.8651256,386.3748485,20,560,520,20,1,404.6233199,350,20,417.0271781,647.3967777,2,41.70271781,64.73967777
22,4,south_west,145.8939409,195.8939409,20,276.9074925,237.7523984,20,309.0154611,397.067479,20,454.7178045,451.1623039,20,560,520,20,1,300,352.3340694,20,254.4234396,581.2658174,1,25.44234396,58.12658174
23,5,north_west,126.0791916,823.9208084,20,243.1222706,723.0127158,20,349.3075558,663.1033342,20,466.054299,646.5603691,20,560,520,20,1,441.7801921,650,20,369.8527226,551.9869598,2,36.98527226,55.19869598
24,6,south_east,893.7355578,156.2644422,20,801.2380544,232.2646769,20,787.8136524,368.1492053,20,654.8056414,452.5905159,20,560,520,20,1,700,423.8984782,20,360.277105,530.1376893,2,36.0277105,53.01376893
25,7,north_east,913.5503072,863.5503072,20,845.7698901,729.2874065,20,758.7946969,666.7996692,20,668.4549787,604.7461748,20,560,520,20,1,700,626.4141503,20,328.8259868,504.7345876,2,32.88259868,50.47345876
26,0,west,156.6349435,387.5612974,20,254.200763,402.3120393,20,358.6721063,529.0468662,20,473.5793036,522.9702861,20,560,520,20,1,300,457.8713744,20,170.6774299,464.4577214,1,17.06774299,46.44577214
27,0,west,136.8201941,501.688385,20,262.9045144,544.6329802,20,340.4754725,488.1167273,20,441.7135705,492.0503995,20,560,520,20,1,300,517.6061406,20,179.0940965,452.0310729,1,17.90940965,45.20310729
28,1,east,882.9945552,615.8154726,20,793.4578211,612.0026686,20,725.9560353,523.4667477,20,653.3372982,508.3264561,20,560,520,20,1,700,518.0551699,20,227.4653291,369.1958748,2,22.74653291,36.91958748
29,2,south,287.4282002,147.1906954,20,319.9268415,245.9708502,20,449.6086683,284.4845237,20,509.5244778,425.7940359,20,560,520,20,1,477.3874974,350,20,310.4302247,499.6322208,2,31.04302247,49.96322208
30,3,north,430.0870597,872.624054,20,441.9662646,761.7104327,20,507.9334869,708.6143258,20,577.7152559,604.0861617,20,560,520,20,1,547.0637192,650,20,266.7045822,407.8416542,2,26.67045822,40.78416542
31,4,south_west,147.5611967,197.5611967,20,249.8213772,298.4005274,20,344.5732674,331.2790239,20,440.2922402,455.6708707,20,560,520,20,1,358.9789753,350,20,267.5327147,536.7652553,2,26.75327147,53.67652553
32,4,south_west,127.7464473,177.7464473,20,194.2637996,292.5832633,20,389.2670366,285.9155555,20,502.1841592,409.169116,20,560,520,20,1,447.9771545,350,20,414.7395956,619.989991,2,41.47395956,61.9989991
33,5,north_west,107.931698,842.068302,20,209.9768579,729.9344154,20,360.1181211,688.08907,20,440.4497081,590.542201,20,560,520,20,1,391.4851498,650,20,356.8212355,572.6565636,2,35.68212355,57.26565636
34,6,south_east,911.8830514,138.1169486,20,835.1635619,221.1359479,20,774.0106138,347.6904122,20,643.4217518,389.367825,20,560,520,20,1,700,371.3108868,20,331.2834605,545.6699096,2,33.12834605,54.56699096
35,7,north_east,841.6978008,791.6978008,20,788.7374614,695.5424946,20,734.8066555,608.2470506,20,595.0139519,618.9013168,20,560,520,20,1,700,610.8998312,20,247.2940528,457.5009574,2,24.72940528,45.75009574
36,0,west,138.4874499,328.8321733,20,260.7198328,336.6578072,20,373.4625265,362.6778584,20,463.9635519,428.5932629,20,560,520,20,1,318.5304323,350,20,181.8128935,482.7327971,1,18.18128935,48.27327971
37,0,west,118.6727005,442.9592609,20,207.1100184,469.0718085,20,352.9593427,483.8658253,20,448.7668126,517.806205,20,560,520,20,1,300,478.4939704,20,185.5784653,451.7060015,1,18.55784653,45.17060015
38,1,east,901.1420488,557.0863485,20,800.2708404,595.154604,20,756.515415,474.7282658,20,627.9145219,563.2167246,20,560,520,20,1,700,513.6157249,20,304.5464911,472.547217,2,30.45464911,47.2547217
39,2,south,714.0167952,129.0432018,20,673.9869266,216.6653274,20,663.2054766,333.0990231,20,584.4228533,390.0093269,20,560,520,20,1,639.8089524,350,20,242.1271338,442.7176552,2,24.21271338,44.27176552
40,3,north,356.6756546,800.7715476,20,376.514583,681.0783131,20,498.8783691,670.4181294,20,478.9634092,584.730402,20,560,520,20,1,494.1329261,650,20,265.1158158,435.8407655,2,26.51158158,43.58407655
41,4,south_west,129.4137031,179.4137031,20,237.0635941,264.3709068,20,325.8907671,345.7680394,20,487.7164121,413.5673733,20,560,520,20,1,335.9917477,350,20,268.5688397,561.7294482,2,26.85688397,56.17294482
42,4,south_west,109.5989537,159.5989537,20,220.6261642,289.5898188,20,370.6179987,300.6350326,20,440.3140453,424.8108483,20,560,520,20,1,398.3250289,350,20,377.9592029,616.6719779,2,37.79592029,61.66719779
43,5,north_west,89.78420436,860.2157956,20,176.7525047,737.1469772,20,371.1672686,712.7865342,20,480.2444194,626.5101554,20,560,520,20,1,450.5467738,650,20,447.8404321,618.7664778,2,44.78404321,61.87664778
44,6,south_east,840.030545,209.969455,20,767.9423973,314.3185535,20,715.3414309,371.9503098,20,659.1005682,461.7681924,20,560,520,20,1,700,396.4509091,20,233.7632262,425.7717358,2,23.37632262,42.57717358
45,7,north_east,859.8452944,809.8452944,20,799.3942289,729.3901195,20,644.7872312,709.8665687,20,622.6391854,574.1851462,20,560,520,20,1,635.0148727,650,20,317.1285665,476.7701481,2,31.71285665,47.67701481
46,7,north_east,879.6600437,829.6600437,20,819.6224865,704.5152552,20,744.1974327,669.3738342,20,671.5018806,567.2230811,20,560,520,20,1,700,607.2682321,20,298.2375154,468.4774554,2,29.82375154,46.84774554
47,0,west,100.5252069,384.2301369,20,207.8597593,398.8214435,20,311.0418979,469.7712391,20,477.9749341,436.9590969,20,560,520,20,1,300,462.1786421,20,220.1429008,520.3920215,1,22.01429008,52.03920215
48,1,east,919.2895424,498.3572245,20,809.1887855,467.4697699,20,740.0994024,580.6643822,20,670.397226,509.1891045,20,560,520,20,1,700,539.5449213,20,304.3997879,457.7255612,2,30.43997879,45.77255612
49,2,south,640.6053901,200.8957082,20,641.8876497,284.8762687,20,600.1205403,382.1837232,20,629.3935564,443.0614603,20,560,520,20,1,613.9347038,350,20,154.8597187,361.0428093,1,15.48597187,36.10428093
50,3,north,283.2642496,818.9190412,20,362.1151982,780.9453395,20,458.5754307,719.4792182,20,501.2267651,601.3083663,20,560,520,20,1,483.6525231,650,20,275.7641263,427.8564128,2,27.57641263,42.78564128
51,3,north,425.9231091,838.7337905,20,438.3902635,738.9516928,20,465.0424076,661.4750529,20,494.5161062,571.2674008,20,560,520,20,1,468.791671,650,20,194.5626496,360.5566177,2,19.45626496,36.05566177
52,4,south_west,91.45146012,141.4514601,20,208.0066916,255.5686057,20,351.7193103,315.2425744,20,417.1386113,471.3127866,20,560,520,20,1,366.2884357,350,20,356.41593,638.8848763,2,35.641593,63.88848763
53,5,north_west,71.63671076,878.3632892,20,210.3950594,835.8284562,20,342.111087,766.810156,20,413.2204247,600.2439242,20,560,520,20,1,391.9788948,650,20,420.8439675,642.226709,2,42.08439675,64.2226709
54,6,south_east,858.1780386,191.8219614,20,801.7742954,303.0608227,20,701.5017325,351.5670676,20,613.6760585,435.7256097,20,560,520,20,1,700,353.0060957,20,238.1901612,457.6655299,2,23.81901612,45.76655299
55,7,north_east,877.992788,827.992788,20,810.0075971,763.229632,20,665.8954082,696.356986,20,686.2807259,564.3051219,20,560,520,20,1,673.0517016,650,20,299.672885,520.2102291,2,29.9672885,52.02102291
56,7,north_east,897.8075373,847.8075373,20,830.2501225,738.3548711,20,765.3758818,655.9609054,20,620.4935924,603.8112166,20,560,520,20,1,700,632.4291687,20,302.9737022,490.8361815,2,30.29737022,49.08361815
57,0,west,82.37771332,325.5010128,20,213.4803299,332.0703593,20,312.9343372,467.7075841,20,431.2286808,449.6204354,20,560,520,20,1,300,450.0674945,20,277.5851719,565.8774661,1,27.75851719,56.58774661
58,1,east,847.437036,439.6281004,20,796.1103659,443.063104,20,739.4673288,520.7106948,20,625.1579499,456.1655159,20,560,520,20,1,700,498.4253336,20,192.8782926,370.0434835,2,19.28782926,37.00434835
59,2,south,567.193985,182.7482146,20,613.9945047,274.60753,20,546.5073697,344.8668512,20,570.3242666,442.0988003,20,560,520,20,1,547.7647308,350,20,205.8003177,379.2042036,2,20.58003177,37.92042036
60,3,north,709.8528445,837.0665348,20,682.4607865,767.1132271,20,560.97038,701.1731247,20,636.7751376,561.0187466,20,560,520,20,1,588.6481905,650,20,271.5355135,459.7438194,2,27.15355135,45.97438194
61,3,north,352.511704,856.8812841,20,367.7515981,728.9065177,20,436.1607726,701.4242418,20,496.6907929,621.4451607,20,560,520,20,1,475.0798294,650,20,267.0935001,422.4834523,2,26.70935001,42.24834523
62,4,south_west,73.30396652,123.3039665,20,195.5786868,221.557813,20,332.6021021,329.7502729,20,426.2434841,398.3691225,20,560,520,20,1,360.2360895,350,20,365.7068707,628.3289003,2,36.57068707,62.83289003
63,5,north_west,143.4892172,806.5107828,20,284.8132277,747.1498028,20,304.973237,616.1198808,20,475.1252759,613.9627521,20,560,520,20,1,300,648.4434201,20,253.1525616,582.6425293,1,25.31525616,58.26425293
64,6,south_east,876.3255322,173.6744678,20,835.602341,291.9098409,20,687.7237699,331.0590785,20,685.6273431,448.7943024,20,560,520,20,1,687.3865025,350,20,296.9688267,540.1826704,2,29.69688267,54.01826704
65,7,north_east,896.1402816,846.1402816,20,784.6996186,762.2447838,20,722.9329778,717.6930741,20,635.2773144,600.9110454,20,560,520,20,1,672.1230939,650,20,300.2880045,472.1803106,2,30.02880045,47.21803106
66,7,north_east,915.9550309,865.9550309,20,840.8420767,772.188025,20,786.5887835,642.5646069,20,684.1405223,594.0267851,20,560,520,20,1,700,601.5406706,20,356.4770101,518.5630309,2,35.64770101,51.85630309
67,0,west,154.2302197,666.7718887,20,272.7384348,669.4597821,20,363.0671392,662.6104712,20,465.1737845,578.9294005,20,560,520,20,1,378.4542859,650,20,229.0211332,452.7883044,2,22.90211332,45.27883044
68,1,east,865.5845296,380.8989763,20,811.0822724,423.754648,20,724.444183,474.4172852,20,639.2945036,516.2408022,20,560,520,20,1,700,486.4236922,20,196.9305858,343.947108,2,19.69305858,34.3947108
69,2,south,493.7825799,164.600721,20,476.1196219,274.2592476,20,491.0058432,365.870946,20,516.8423751,458.246968,20,560,520,20,1,488.4269322,350,20,187.8060861,375.1456348,1,18.78060861,37.51456348
70,3,north,636.4414394,855.2140284,20,597.1856608,781.1765809,20,548.9947931,715.373556,20,561.8820369,624.8411778,20,560,520,20,1,558.3006897,650,20,231.3955268,361.6660411,2,23.13955268,36.16660411
71,3,north,279.1002989,875.0287777,20,359.4072654,825.2022124,20,429.7272343,704.1041334,20,517.2348575,637.021183,20,560,520,20,1,500.3043943,650,20,323.4722846,469.3957179,2,32.34722846,46.93957179
72,4,south_west,145.1564729,195.1564729,20,250.3177469,255.0172849,20,359.0342038,389.0253902,20,425.8873479,467.9230712,20,560,520,20,1,327.3741625,350,20,243.3136575,540.8478384,1,24.33136575,54.08478384
73,5,north_west,125.3417236,824.6582764,20,252.0259269,753.6635707,20,315.3192567,641.7214724,20,449.7758821,557.729517,20,560,520,20,1,310.6384834,650,20,264.3073763,548.8548774,1,26.43073763,54.88548774
74,6,south_east,894.4730258,155.5269742,20,786.0697842,204.3531696,20,673.9983606,310.4459445,20,640.3311989,422.5280091,20,560,520,20,1,662.1171306,350,20,314.5150629,516.5531536,2,31.45150629,51.65531536
75,6,south_east,914.2877752,135.7122248,20,844.3373741,261.747531,20,749.076705,320.5883976,20,598.4249311,410.7458575,20,560,520,20,1,699.930355,350,20,313.3884828,547.4964893,2,31.33884828,54.74964893
76,7,north_east,844.1025245,794.1025245,20,783.9600191,738.4682296,20,651.4197782,699.0631957,20,610.6529441,608.119209,20,560,520,20,1,629.4265576,650,20,273.9695844,421.5057827,2,27.39695844,42.15057827
77,0,west,136.0827261,608.0427647,20,255.4132265,599.4976963,20,338.3945615,494.0129119,20,457.711352,489.9738656,20,560,520,20,1,300,542.8195748,20,191.749787,479.8380731,1,19.1749787,47.98380731
78,1,east,883.7320232,322.1698523,20,833.0027015,403.9889786,20,705.2649385,436.2342164,20,656.2307904,449.067905,20,560,520,20,1,700,437.6122067,20,233.4566665,398.2482053,2,23.34566665,39.82482053
79,2,south,420.3711748,146.4532274,20,453.0896326,264.0061805,20,428.4084505,344.9369232,20,560.2167367,399.9288242,20,560,520,20,1,440.5439734,350,20,219.7812,469.5231454,2,21.97812,46.95231454
80,2,south,563.0300343,126.638478,20,611.0015653,227.9925942,20,593.2591911,330.1769177,20,542.4643121,420.3750014,20,560,520,20,1,582.0958601,350,20,238.5969773,420.5204444,2,23.85969773,42.05204444
81,3,north,705.6888938,803.1762713,20,681.4142646,744.7934033,20,652.5420813,624.5911446,20,561.1700458,597.2236868,20,560,520,20,1,658.645204,650,20,160.7178782,359.4645088,1,16.07178782,35.94645088
82,4,south_west,127.0089793,177.0089793,20,237.8092647,221.0019897,20,300.8086529,372.5484085,20,473.267485,425.7802509,20,560,520,20,1,300,370.6031761,20,281.2274334,591.8834441,1,28.12274334,59.18834441
83,5,north_west,107.19423,842.80577,20,219.1194735,760.5149844,20,325.9622795,666.970599,20,448.4018353,622.9982438,20,560,520,20,1,373.2163461,650,20,331.136826,562.8883259,2,33.1136826,56.28883259
84,6,south_east,912.6205194,137.3794806,20,786.1683157,229.960336,20,777.973563,398.1739031,20,678.3260179,472.7122951,20,560,520,20,1,700,456.4997154,20,422.5081639,577.0000876,2,42.25081639,57.70000876
85,6,south_east,842.4352688,207.5647312,20,811.046555,317.7609086,20,690.1571658,345.1015775,20,647.8336302,446.5136753,20,560,520,20,1,688.112848,350,20,243.8298947,462.9321469,2,24.38298947,46.29321469
86,7,north_east,862.2500181,812.2500181,20,758.6235726,737.552186,20,672.507146,685.5520682,20,638.2979363,563.4233144,20,560,520,20,1,662.5487364,650,20,265.261648,444.7035838,2,26.5261648,44.47035838
87,0,west,117.9352325,549.3136406,20,245.6965392,529.7783684,20,313.3629497,488.1127266,20,428.5709193,518.2701643,20,560,520,20,1,300,496.3409726,20,193.0186421,459.2418373,1,19.30186421,45.92418373
88,1,east,901.8795168,663.4407282,20,834.1045197,588.5515424,20,742.7332143,577.0389705,20,672.8978948,513.0108322,20,560,520,20,1,700,537.859252,20,251.0735552,400.9567007,2,25.10735552,40.09567007
89,2,south,346.9597697,128.3057338,20,404.8799051,200.4169935,20,525.7181086,298.6130308,20,510.2636699,423.3924423,20,560,520,20,1,519.353623,350,20,299.9775531,482.5895114,2,29.99775531,48.25895114
90,2,south,489.6186292,198.4909844,20,472.8390059,296.9569038,20,529.6009397,337.0607262,20,599.2665573,441.9093815,20,560,520,20,1,538.198308,350,20,184.9203892,382.6754533,2,18.49203892,38.26754533
91,3,north,632.2774887,821.3237649,20,595.0742898,759.7478056,20,652.1706268,660.6902789,20,589.0170046,617.440135,20,560,520,20,1,636.5607403,650,20,205.1962919,364.4894257,2,20.51962919,36.44894257
92,4,south_west,108.8614857,158.8614857,20,264.5328652,218.2438835,20,281.7097436,386.8131946,20,411.3073753,441.2623614,20,560,520,20,1,300,394.4976655,20,355.8940293,644.8793678,2,35.58940293,64.48793678
93,5,north_west,89.04673636,860.9532636,20,186.112959,767.6612103,20,336.8598513,691.9101606,20,422.0954233,567.2511209,20,560,520,20,1,365.515908,650,20,354.1098148,600.1275787,2,35.41098148,60.01275787
94,6,south_east,840.768013,209.231987,20,752.5571095,286.5306989,20,753.3270234,385.2938483,20,644.3939075,431.8232148,20,560,520,20,1,700,408.0717942,20,274.0411936,456.5626659,2,27.40411936,45.65626659
95,6,south_east,860.5827624,189.4172376,20,761.1554883,230.5185491,20,676.3962325,324.6330665,20,602.4603169,420.417316,20,560,520,20,1,656.8154824,350,20,266.2884502,463.5010109,2,26.62884502,46.35010109
96,7,north_east,880.3975117,830.3975117,20,769.2282241,771.3499119,20,693.6434328,672.0706291,20,623.2300691,634.8232798,20,560,520,20,1,651.920538,650,20,297.8561538,461.3952042,2,29.78561538,46.13952042
97,0,west,99.78773892,490.5845165,20,193.0087556,458.488054,20,331.8079791,479.5969408,20,438.353466,541.6394706,20,560,520,20,1,300,474.7595144,20,206.8132601,485.8364383,1,20.68132601,48.58364383
98,1,east,920.0270104,604.7116041,20,827.3690839,566.578453,20,732.2043243,518.9411055,20,638.0431474,562.2334616,20,560,520,20,1,700,533.7476439,20,242.0650335,398.9944324,2,24.20650335,39.89944324
99,2,south,273.5483646,200.1582402,20,368.9466854,241.6765278,20,446.3436931,313.2174567,20,472.8540495,478.6204724,20,560,520,20,1,452.2391015,350,20,246.689774,473.4229712,2,24.6689774,47.34229712
100,2,south,416.2072241,180.3434908,20,449.4947468,285.9308897,20,476.9977327,357.1464664,20,530.2992154,410.6471462,20,560,520,20,1,474.2378145,350,20,179.3911743,375.8872545,1,17.93911743,37.58872545
