seed,entry_case,entry_region,crosses_secure_wall,min_x_m,max_x_m,min_y_m,max_y_m,boundary_x_m,boundary_y_m,boundary_distance_m,total_path_distance_m,outside_region_samples,early_warning_samples,approach_clear_zone_samples,perimeter_crossing_samples,inside_secure_wall_samples
1,4,south_west,1,112.003677487373,560,162.003677487373,520,300,399.267608351928,343.408528755524,649.074520481209,0,24,9,2,31
2,5,north_west,1,92.1889281272888,560,520,857.811071872711,407.278268476238,650,380.69732922433,582.536388698632,0,29,9,1,21
3,5,north_west,1,72.3741787672043,560,520,877.625821232796,300,645.125936684022,337.663279678004,630.26325262778,0,27,6,1,31
4,6,south_east,1,560,857.44057059288,192.55942940712,520,660.270931597976,350,259.837408945509,467.133559946975,0,20,6,0,22
5,7,north_east,1,560,877.255319952965,520,827.255319952965,693.576038244862,650,263.316548368881,456.639136015879,0,21,3,3,20
6,0,west,1,102.929930686951,560,466.308240329627,545.407395764629,300,538.974568049653,206.009544124562,495.985729517431,0,16,5,0,30
7,1,east,1,560,916.884818673134,520,635.405209472949,700,602.882834857125,235.749203164715,411.403215435702,0,17,6,1,19
8,1,east,1,560,846.699568033218,333.273720741272,520,700,426.206077508633,184.724515046697,374.327865433574,0,11,7,1,20
9,2,south,1,428.946869042241,560,183.485682606697,520,434.057793188468,350,209.480363550646,429.991952174339,0,15,6,0,23
10,3,north,1,530.942229742789,599.384888122675,520,836.329066753387,536.044027918687,650,210.300665377397,345.168307572456,0,16,5,1,14
11,4,south_west,1,93.856183886528,560,143.856183886528,520,396.714989348187,350,418.727373981459,675.379583380104,0,37,5,0,27
12,4,south_west,1,74.0414345264435,560,124.041434526443,520,332.754744951666,350,365.999660828499,665.818068580195,0,28,6,3,31
13,5,north_west,1,144.226685166359,560,520,805.773314833641,326.924231461977,650,241.387204801326,509.975892786112,0,18,5,2,27
14,6,south_east,1,560,875.588064193726,174.411935806274,520,637.131933536827,350,302.17980195329,488.976446188113,0,24,6,1,19
15,7,north_east,1,560,895.40281355381,520,845.40281355381,676.502487236321,650,318.927603955472,503.532188251593,0,23,7,2,20
16,0,west,1,84.7824370861053,560,446.290421485901,531.759345746031,300,524.519122383726,229.830438506736,500.062905260181,0,18,5,0,29
17,0,west,1,154.967687726021,560,493.873396869576,578.322342192687,300,498.270496670662,160.33610228922,468.406106205334,0,11,5,1,31
18,1,east,1,560,864.847061634064,520,674.544596672058,700,577.842122871048,194.036115490554,347.008678377362,0,14,5,1,16
19,2,south,1,360.839605331421,560,165.338189005852,520,538.343549168073,350,266.975124713474,439.795062738512,0,22,5,0,18
20,3,north,1,503.498464822769,560,520,854.476560354233,534.871911394634,650,207.259443567831,340.611840262994,0,16,5,0,15
21,4,south_west,1,75.7086902856827,560,125.708690285683,520,404.62331985209,350,417.027178115436,647.396777680367,0,34,7,1,24
22,4,south_west,1,145.893940925598,560,195.893940925598,520,300,352.334069393095,254.4234395717,581.265817441739,0,21,2,3,34
23,5,north_west,1,126.079191565514,560,520,823.920808434486,441.780192060264,650,369.852722644825,551.986959783074,0,21,12,4,20
24,6,south_east,1,560,893.735557794571,156.264442205429,520,700,423.89847816696,360.277104979345,530.137689317078,0,31,5,1,18
25,7,north_east,1,560,913.550307154655,520,863.550307154655,700,626.414150337697,328.825986809693,504.734587638713,0,27,4,2,19
26,0,west,1,156.63494348526,560,387.561297416687,529.046866159584,300,457.871374380056,170.677429947869,464.457721406117,0,10,7,1,30
27,0,west,1,136.820194125175,560,488.116727302003,544.632980241706,300,517.606140574693,179.094096531394,452.031072896589,0,12,6,0,29
28,1,east,1,560,882.994555234909,508.326456093091,615.815472602844,700,518.055169894052,227.46532914001,369.195874848384,0,17,6,0,15
29,2,south,1,287.428200244904,560,147.190695405006,520,477.387497436638,350,310.430224671086,499.632220773339,0,26,5,1,19
30,3,north,1,430.087059736252,577.715255889882,520,872.624053955078,547.063719232123,650,266.70458216287,407.841654231859,0,21,6,0,15
31,4,south_west,1,147.561196684837,560,197.561196684837,520,358.978975277803,350,267.532714668095,536.765255341775,0,15,11,1,28
32,4,south_west,1,127.746447324753,560,177.746447324753,520,447.977154549349,350,414.739595618047,619.989990952214,0,35,6,1,21
33,5,north_west,1,107.931697964668,560,520,842.068302035332,391.485149848417,650,356.821235529557,572.656563591297,0,27,9,0,23
34,6,south_east,1,560,911.883051395416,138.116948604584,520,700,371.310886845828,331.283460538812,545.669909630522,0,28,5,1,22
35,7,north_east,1,560,841.697800755501,520,791.697800755501,700,610.899831232347,247.294052809788,457.500957361022,0,19,6,0,22
36,0,west,1,138.487449884415,560,328.832173347473,520,318.530432315679,350,181.812893513747,482.73279710197,0,12,4,3,31
37,0,west,1,118.67270052433,560,442.959260940552,520,300,478.493970428765,185.578465336237,451.706001468094,0,14,5,0,28
38,1,east,1,560,901.142048835754,474.728265813773,595.154603951637,700,513.615724926366,304.546491072364,472.547216965286,0,25,5,1,18
39,2,south,1,560,714.016795158386,129.043201804161,520,639.808952444088,350,242.127133809151,442.717655178228,0,19,5,1,21
40,3,north,1,356.675654649734,560,520,800.771547555923,494.132926087393,650,265.115815774919,435.84076549086,0,11,15,1,18
41,4,south_west,1,129.413703083992,560,179.413703083992,520,335.991747716418,350,268.568839681855,561.729448170735,0,19,6,2,31
42,4,south_west,1,109.598953723907,560,159.598953723907,520,398.325028888764,350,377.959202871982,616.671977884057,0,32,6,0,25
43,5,north_west,1,89.7842043638229,560,520,860.215795636177,450.546773804941,650,447.840432095744,618.766477829606,0,37,7,1,18
44,6,south_east,1,560,840.030544996262,209.969455003738,520,700,396.45090912563,233.76322624746,425.771735828701,0,16,5,3,20
45,7,north_east,1,560,859.845294356346,520,809.845294356346,635.014872706643,650,317.128566473975,476.770148075354,0,27,5,0,17
46,7,north_east,1,560,879.660043716431,520,829.660043716431,700,607.268232110883,298.237515359479,468.477455419826,0,22,5,3,18
47,0,west,1,100.525206923485,560,384.230136871338,520,300,462.178642091922,220.142900786208,520.392021478186,0,16,6,1,31
48,1,east,1,560,919.2895424366,467.469769917222,580.664382243092,700,539.54492126404,304.399787867437,457.725561196698,0,23,7,1,16
49,2,south,1,560,641.887649664023,200.895708203316,520,613.934703818557,350,154.85971872281,361.042809325809,0,11,4,1,22
50,3,north,1,283.264249563217,560,520,818.919041156769,483.652523106468,650,275.764126265304,427.856412752434,0,23,5,0,16
51,3,north,1,425.923109054565,560,520,838.733790516853,468.791670985752,650,194.562649562646,360.556617730478,0,15,4,1,18
52,4,south_west,1,91.4514601230621,560,141.451460123062,520,366.288435700543,350,356.415929992247,638.884876323678,0,28,8,0,29
53,5,north_west,1,71.6367107629776,560,520,878.363289237022,391.97889481251,650,420.843967544049,642.226709014504,0,37,5,1,23
54,6,south_east,1,560,858.178038597107,191.821961402893,520,700,353.006095735801,238.190161161945,457.665529886774,0,19,4,1,23
55,7,north_east,1,560,877.992787957191,520,827.992787957191,673.051701649568,650,299.672885039883,520.210229129409,0,25,5,0,24
56,7,north_east,1,560,897.807537317276,520,847.807537317276,700,632.429168709426,302.973702183385,490.83618149979,0,25,3,3,20
57,0,west,1,82.3777133226395,560,325.501012802124,520,300,450.067494452985,277.585171870146,565.877466113217,0,20,7,1,30
58,1,east,1,560,847.437036037445,439.628100395203,520.710694765467,700,498.42533355674,192.878292557347,370.043483486425,0,13,6,1,19
59,2,south,1,546.507369664243,613.994504688678,182.74821460247,520,547.764730818053,350,205.800317650278,379.204203597139,0,14,7,0,18
60,3,north,1,560,709.8528444767,520,837.066534757614,588.648190494154,650,271.535513518806,459.743819383107,0,22,5,1,19
61,3,north,1,352.511703968048,560,520,856.881284117699,475.079829433238,650,267.093500135,422.483452323252,0,21,6,0,17
62,4,south_west,1,73.3039665222168,560,123.303966522217,520,360.236089495497,350,365.70687069531,628.328900340141,0,29,6,2,27
63,5,north_west,1,143.489217162132,560,520,806.510782837868,300,648.44342007874,253.152561583485,582.642529347341,0,21,2,3,34
64,6,south_east,1,560,876.325532197952,173.674467802048,520,687.386502501175,350,296.968826713557,540.182670432415,0,22,7,1,26
65,7,north_east,1,560,896.140281558037,520,846.140281558037,672.123093936682,650,300.288004496497,472.180310641132,0,24,4,3,18
66,7,north_east,1,560,915.955030918121,520,865.955030918121,700,601.540670590695,356.477010105447,518.563030887677,0,31,5,0,17
67,0,west,1,154.230219721794,560,520,669.459782142076,378.454285857473,650,229.021133214213,452.788304354551,0,10,12,1,24
68,1,east,1,560,865.58452963829,380.898976325989,520,700,486.423692163015,196.930585826561,343.947108005501,0,15,5,0,16
69,2,south,1,476.119621911457,560,164.600721001625,520,488.426932214069,350,187.806086056304,375.145634803732,0,14,5,0,20
70,3,north,1,548.994793139325,636.441439390182,520,855.214028358459,558.300689749396,650,231.395526779203,361.6660411489,0,19,4,1,14
71,3,north,1,279.100298881531,560,520,875.028777718544,500.304394262558,650,323.472284646285,469.395717928806,0,25,7,1,15
72,4,south_west,1,145.156472921371,560,195.156472921371,520,327.374162527001,350,243.313657477287,540.847838384738,0,18,5,2,31
73,5,north_west,1,125.341723561287,560,520,824.658276438713,310.638483437848,650,264.307376332536,548.854877449508,0,21,3,3,29
74,6,south_east,1,560,894.473025798798,155.526974201202,520,662.117130618777,350,314.515062879192,516.553153600041,0,26,5,1,21
75,6,south_east,1,560,914.287775158882,135.712224841118,520,699.930354994712,350,313.38848277603,547.496489252731,0,26,5,1,24
76,7,north_east,1,560,844.102524518967,520,794.102524518967,629.426557601421,650,273.969584370214,421.50578271641,0,22,5,1,16
77,0,west,1,136.082726120949,560,489.973865561096,608.042764663696,300,542.819574770726,191.74978704519,479.838073131,0,12,7,1,29
78,1,east,1,560,883.732023239136,322.169852256775,520,700,437.612206675341,233.456666542082,398.24820530586,0,19,4,1,17
79,2,south,1,420.371174812317,560.216736654737,146.45322740078,520,440.543973363685,350,219.781200023947,469.523145398473,0,16,5,1,26
80,2,south,1,542.464312088663,611.001565300744,126.638478040695,520,582.095860068948,350,238.596977266941,420.520444375104,0,19,5,0,20
81,3,north,1,560,705.688893795013,520,803.176271319389,658.645203977477,650,160.71787819249,359.464508810409,0,11,5,1,20
82,4,south_west,1,127.008979320526,560,177.008979320526,520,300,370.6031761226,281.227433356863,591.883444113723,0,21,5,3,32
83,5,north_west,1,107.194229960442,560,520,842.805770039558,373.216346092188,650,331.136825983938,562.888325893202,0,24,6,4,24
84,6,south_east,1,560,912.620519399643,137.379480600357,520,700,456.499715365138,422.508163918598,577.000087634197,0,37,5,1,16
85,6,south_east,1,560,842.435268759727,207.564731240273,520,688.112847980425,350,243.829894725727,462.932146898442,0,18,5,2,23
86,7,north_east,1,560,862.250018119812,520,812.250018119812,662.548736391809,650,265.261648009879,444.703583845179,0,21,6,0,19
87,0,west,1,117.935232520103,560,488.112726603193,549.313640594482,300,496.340972639104,193.01864206814,459.241837276545,0,14,5,1,27
88,1,east,1,560,901.879516839981,513.010832153701,663.440728187561,700,537.859251990071,251.073555179838,400.956700742881,0,19,6,1,16
89,2,south,1,346.9597697258,560,128.305733799934,520,519.353623006405,350,299.977553125963,482.589511376668,0,25,5,0,20
90,2,south,1,472.839005890777,599.266557328777,198.49098443985,520,538.19830795143,350,184.920389157705,382.675453252767,0,11,7,1,21
91,3,north,1,560,652.170626762823,520,821.323764920235,636.560740297174,650,205.19629189064,364.489425668202,0,15,5,1,17
92,4,south_west,1,108.861485719681,560,158.861485719681,520,300,394.497665466543,355.894029326788,644.879367763511,0,25,10,1,30
93,5,north_west,1,89.0467363595963,560,520,860.953263640404,365.515908014082,650,354.109814791582,600.127578726478,0,29,6,1,26
94,6,south_east,1,560,840.768013000488,209.231986999512,520,700,408.071794192175,274.041193590704,456.562665932194,0,22,5,1,19
95,6,south_east,1,560,860.582762360573,189.417237639427,520,656.815482392159,350,266.288450210551,463.501010948785,0,21,5,1,21
96,7,north_east,1,560,880.397511720657,520,830.397511720657,651.920538039241,650,297.856153788248,461.395204180708,0,22,6,2,18
97,0,west,1,99.7877389192581,560,458.488053956078,541.639470611535,300,474.75951435194,206.813260085722,485.836438272932,0,16,5,0,29
98,1,east,1,560,920.027010440826,518.94110552326,604.711604118347,700,533.747643867899,242.065033544082,398.994432397211,0,19,5,1,16
99,2,south,1,273.548364639282,560,200.158240199089,520,452.23910150532,350,246.689773975708,473.422971188627,0,19,6,0,24
100,2,south,1,416.20722413063,560,180.343490839005,520,474.237814482626,350,179.391174334328,375.887254549318,0,13,5,0,21
